{
  "model": "gpt-5",
  "duration_s": 392.62858009699994,
  "timestamp": "2025-09-11T13:57:17.402043",
  "usage": {
    "input_tokens": 20554,
    "output_tokens": 17988,
    "reasoning_tokens": 0
  }
}