{
  "model": "gpt-5",
  "duration_s": 1160.910949312005,
  "timestamp": "2025-09-11T14:10:05.680913",
  "usage": {
    "input_tokens": 20554,
    "output_tokens": 22886,
    "reasoning_tokens": 0
  }
}