{
  "model": "gpt-5",
  "duration_s": 408.39560440799687,
  "timestamp": "2025-09-11T13:57:33.101884",
  "usage": {
    "input_tokens": 20554,
    "output_tokens": 15222,
    "reasoning_tokens": 0
  }
}