{
  "model": "gpt-5-mini",
  "duration_s": 641.2850540079962,
  "timestamp": "2025-09-11T14:26:43.558764",
  "usage": {
    "input_tokens": 22261,
    "output_tokens": 2550,
    "reasoning_tokens": 0
  }
}