{
  "model": "gpt-5",
  "duration_s": 356.56716271299956,
  "timestamp": "2025-09-11T14:16:02.258702",
  "usage": {
    "input_tokens": 26673,
    "output_tokens": 14943,
    "reasoning_tokens": 0
  }
}