{
  "model": "gpt-5",
  "duration_s": 266.4767210830032,
  "timestamp": "2025-09-11T20:33:00.547378",
  "usage": {
    "input_tokens": 45191,
    "output_tokens": 11419,
    "reasoning_tokens": 0
  }
}