{
  "model": "gpt-5",
  "duration_s": 232.57460433200322,
  "timestamp": "2025-09-11T20:32:26.647067",
  "usage": {
    "input_tokens": 43789,
    "output_tokens": 11363,
    "reasoning_tokens": 0
  }
}