{
  "model": "gpt-5",
  "duration_s": 222.5566670440021,
  "timestamp": "2025-09-11T20:32:16.675212",
  "usage": {
    "input_tokens": 44062,
    "output_tokens": 9298,
    "reasoning_tokens": 0
  }
}