{
  "model": "gpt-5",
  "duration_s": 292.7838676760002,
  "timestamp": "2025-09-11T20:33:26.857929",
  "usage": {
    "input_tokens": 43958,
    "output_tokens": 14710,
    "reasoning_tokens": 0
  }
}