{
  "model": "gpt-5-mini",
  "duration_s": 34.49179260899837,
  "timestamp": "2025-09-11T20:37:46.765658",
  "usage": {
    "input_tokens": 50357,
    "output_tokens": 2089,
    "reasoning_tokens": 0
  }
}