{
  "model": "gpt-5",
  "duration_s": 224.52729497599648,
  "timestamp": "2025-09-11T20:37:12.265452",
  "usage": {
    "input_tokens": 77428,
    "output_tokens": 10955,
    "reasoning_tokens": 0
  }
}