{
  "model": "gpt-5",
  "duration_s": 2132.4535672990023,
  "timestamp": "2025-09-15T07:18:39.159968",
  "usage": {
    "input_tokens": 18811,
    "output_tokens": 18067,
    "reasoning_tokens": 0
  }
}