{
  "model": "gpt-5",
  "duration_s": 2021.3986634359753,
  "timestamp": "2025-09-15T07:16:48.110959",
  "usage": {
    "input_tokens": 20035,
    "output_tokens": 13950,
    "reasoning_tokens": 0
  }
}