{
  "model": "gpt-5-mini",
  "duration_s": 68.9538440569886,
  "timestamp": "2025-09-15T07:26:13.509250",
  "usage": {
    "input_tokens": 27213,
    "output_tokens": 2259,
    "reasoning_tokens": 0
  }
}