{
  "model": "gpt-5",
  "duration_s": 385.3773295790015,
  "timestamp": "2025-09-15T07:25:04.548357",
  "usage": {
    "input_tokens": 39025,
    "output_tokens": 18168,
    "reasoning_tokens": 0
  }
}