{
  "model": "gpt-5",
  "duration_s": 735.8794878390036,
  "timestamp": "2025-09-14T21:04:28.785565",
  "usage": {
    "input_tokens": 673,
    "output_tokens": 46038,
    "reasoning_tokens": 0
  }
}