{
  "model": "gpt-5",
  "duration_s": 364.2041413030238,
  "timestamp": "2025-09-14T20:58:17.054918",
  "usage": {
    "input_tokens": 673,
    "output_tokens": 28343,
    "reasoning_tokens": 0
  }
}