{
  "model": "gpt-5",
  "duration_s": 1201.1722100350016,
  "timestamp": "2025-09-14T21:12:14.079290",
  "usage": {
    "input_tokens": 673,
    "output_tokens": 41923,
    "reasoning_tokens": 0
  }
}