{
  "model": "gpt-5",
  "duration_s": 574.7978952899866,
  "timestamp": "2025-09-14T21:01:47.704970",
  "usage": {
    "input_tokens": 673,
    "output_tokens": 41307,
    "reasoning_tokens": 0
  }
}