{
  "model": "gpt-5-mini",
  "duration_s": 50.01341390699963,
  "timestamp": "2025-09-14T21:19:47.665538",
  "usage": {
    "input_tokens": 3339,
    "output_tokens": 3111,
    "reasoning_tokens": 0
  }
}