{
  "model": "gpt-5",
  "duration_s": 403.5458198209817,
  "timestamp": "2025-09-14T21:18:57.638692",
  "usage": {
    "input_tokens": 10061,
    "output_tokens": 27571,
    "reasoning_tokens": 0
  }
}