{
  "model": "gpt-5",
  "duration_s": 201.48813956801314,
  "timestamp": "2025-09-14T20:50:46.391538",
  "usage": {
    "input_tokens": 693,
    "output_tokens": 17147,
    "reasoning_tokens": 0
  }
}