{
  "model": "gpt-5",
  "duration_s": 362.11222623099457,
  "timestamp": "2025-09-14T20:53:28.612836",
  "usage": {
    "input_tokens": 693,
    "output_tokens": 24105,
    "reasoning_tokens": 0
  }
}