{
  "model": "gpt-5",
  "duration_s": 311.36655741298455,
  "timestamp": "2025-09-14T20:52:36.319746",
  "usage": {
    "input_tokens": 693,
    "output_tokens": 23582,
    "reasoning_tokens": 0
  }
}