{
  "model": "gpt-5-mini",
  "duration_s": 31.964763943018625,
  "timestamp": "2025-09-14T20:57:58.612504",
  "usage": {
    "input_tokens": 3870,
    "output_tokens": 1887,
    "reasoning_tokens": 0
  }
}