{
  "model": "gpt-5",
  "duration_s": 238.0125101019803,
  "timestamp": "2025-09-14T20:57:26.638487",
  "usage": {
    "input_tokens": 7784,
    "output_tokens": 16683,
    "reasoning_tokens": 0
  }
}