{
  "model": "gpt-5",
  "duration_s": 126.73772045498481,
  "timestamp": "2025-09-14T21:04:28.048264",
  "usage": {
    "input_tokens": 104675,
    "output_tokens": 7019,
    "reasoning_tokens": 0
  }
}