{
  "model": "gpt-5",
  "duration_s": 116.30135670400341,
  "timestamp": "2025-09-14T21:04:17.566547",
  "usage": {
    "input_tokens": 105493,
    "output_tokens": 6989,
    "reasoning_tokens": 0
  }
}