{
  "model": "gpt-5",
  "duration_s": 112.23779641499277,
  "timestamp": "2025-09-14T21:04:13.505598",
  "usage": {
    "input_tokens": 105521,
    "output_tokens": 6760,
    "reasoning_tokens": 0
  }
}