{
  "model": "gpt-5",
  "duration_s": 73.44203284400282,
  "timestamp": "2025-09-14T21:03:34.759262",
  "usage": {
    "input_tokens": 105035,
    "output_tokens": 5456,
    "reasoning_tokens": 0
  }
}