{
  "model": "gpt-5",
  "duration_s": 68.24528544599889,
  "timestamp": "2025-09-14T21:03:29.507653",
  "usage": {
    "input_tokens": 105213,
    "output_tokens": 3978,
    "reasoning_tokens": 0
  }
}