{
  "model": "gpt-5-mini",
  "duration_s": 29.938613222009735,
  "timestamp": "2025-09-14T21:06:08.556433",
  "usage": {
    "input_tokens": 115216,
    "output_tokens": 1715,
    "reasoning_tokens": 0
  }
}