{
  "model": "gpt-5",
  "duration_s": 70.54836534199421,
  "timestamp": "2025-09-14T21:05:38.608732",
  "usage": {
    "input_tokens": 132982,
    "output_tokens": 4712,
    "reasoning_tokens": 0
  }
}