{
  "model": "gpt-5",
  "duration_s": 1234.6142806859862,
  "timestamp": "2025-09-16T08:12:03.552115",
  "usage": {
    "input_tokens": 6475,
    "output_tokens": 41654,
    "reasoning_tokens": 0
  }
}