{
  "model": "gpt-5",
  "duration_s": 1099.6310239349841,
  "timestamp": "2025-09-16T08:09:48.622834",
  "usage": {
    "input_tokens": 6535,
    "output_tokens": 37092,
    "reasoning_tokens": 0
  }
}