{
  "model": "gpt-5",
  "duration_s": 999.6775878430053,
  "timestamp": "2025-09-16T13:40:14.568995",
  "usage": {
    "input_tokens": 7221,
    "output_tokens": 35866,
    "reasoning_tokens": 0
  }
}