{
  "model": "gpt-5",
  "duration_s": 372.6360674049938,
  "timestamp": "2025-09-16T13:40:42.752476",
  "usage": {
    "input_tokens": 9423,
    "output_tokens": 36042,
    "reasoning_tokens": 0
  }
}