{
  "model": "gpt-5-mini",
  "duration_s": 46.013891661015805,
  "timestamp": "2025-09-16T13:45:05.415071",
  "usage": {
    "input_tokens": 23567,
    "output_tokens": 2254,
    "reasoning_tokens": 0
  }
}