{
  "model": "gpt-5",
  "duration_s": 244.81303471300635,
  "timestamp": "2025-09-16T13:44:19.391366",
  "usage": {
    "input_tokens": 22114,
    "output_tokens": 21313,
    "reasoning_tokens": 0
  }
}