{
  "model": "gpt-5",
  "duration_s": 400.4148482800083,
  "timestamp": "2025-09-13T13:45:24.663634",
  "usage": {
    "input_tokens": 22072,
    "output_tokens": 10810,
    "reasoning_tokens": 0
  }
}