{
  "model": "gpt-5-mini",
  "duration_s": 40.01796395301062,
  "timestamp": "2025-09-13T13:49:10.640428",
  "usage": {
    "input_tokens": 9102,
    "output_tokens": 2871,
    "reasoning_tokens": 0
  }
}