{
  "model": "gpt-5",
  "duration_s": 185.94328813400352,
  "timestamp": "2025-09-13T13:48:30.614167",
  "usage": {
    "input_tokens": 7020,
    "output_tokens": 11987,
    "reasoning_tokens": 0
  }
}