{
  "model": "gpt-5",
  "duration_s": 219.061511264008,
  "timestamp": "2025-09-14T20:55:18.799611",
  "usage": {
    "input_tokens": 40346,
    "output_tokens": 13713,
    "reasoning_tokens": 0
  }
}