{
  "model": "gpt-5",
  "duration_s": 85.10219491500175,
  "timestamp": "2025-09-14T20:53:04.896360",
  "usage": {
    "input_tokens": 40346,
    "output_tokens": 8698,
    "reasoning_tokens": 0
  }
}