{
  "model": "gpt-5",
  "duration_s": 193.7232871830056,
  "timestamp": "2025-09-14T20:54:53.460766",
  "usage": {
    "input_tokens": 40346,
    "output_tokens": 13672,
    "reasoning_tokens": 0
  }
}