{
  "model": "gpt-5",
  "duration_s": 225.63758158197743,
  "timestamp": "2025-09-14T20:55:25.372975",
  "usage": {
    "input_tokens": 40346,
    "output_tokens": 15741,
    "reasoning_tokens": 0
  }
}