{
  "model": "gpt-5-mini",
  "duration_s": 33.07235081898398,
  "timestamp": "2025-09-14T21:01:31.595256",
  "usage": {
    "input_tokens": 42164,
    "output_tokens": 2403,
    "reasoning_tokens": 0
  }
}