{
  "model": "gpt-5",
  "duration_s": 333.1286491449864,
  "timestamp": "2025-09-14T21:00:58.514872",
  "usage": {
    "input_tokens": 47628,
    "output_tokens": 20535,
    "reasoning_tokens": 0
  }
}