{
  "model": "gpt-5",
  "duration_s": 440.05235568100034,
  "timestamp": "2025-09-11T15:12:06.140797",
  "usage": {
    "input_tokens": 1606,
    "output_tokens": 29990,
    "reasoning_tokens": 0
  }
}