{
  "model": "gpt-5",
  "duration_s": 856.525990959999,
  "timestamp": "2025-09-11T15:19:02.615932",
  "usage": {
    "input_tokens": 1606,
    "output_tokens": 41663,
    "reasoning_tokens": 0
  }
}