{
  "model": "gpt-5",
  "duration_s": 696.0854505079988,
  "timestamp": "2025-09-11T15:16:22.224227",
  "usage": {
    "input_tokens": 1606,
    "output_tokens": 33927,
    "reasoning_tokens": 0
  }
}