{
  "model": "gpt-5",
  "duration_s": 564.6270663380055,
  "timestamp": "2025-09-11T15:14:10.721497",
  "usage": {
    "input_tokens": 1606,
    "output_tokens": 31754,
    "reasoning_tokens": 0
  }
}