{
  "model": "gpt-5",
  "duration_s": 582.8736086719946,
  "timestamp": "2025-09-11T11:02:47.511674",
  "usage": {
    "input_tokens": 1554,
    "output_tokens": 28662,
    "reasoning_tokens": 0
  }
}