{
  "model": "gpt-5-mini",
  "duration_s": 22.368545754994557,
  "timestamp": "2025-09-11T15:26:57.908000",
  "usage": {
    "input_tokens": 4650,
    "output_tokens": 1694,
    "reasoning_tokens": 0
  }
}