{
  "model": "gpt-5",
  "duration_s": 452.90738867900654,
  "timestamp": "2025-09-11T15:26:35.536212",
  "usage": {
    "input_tokens": 9425,
    "output_tokens": 18836,
    "reasoning_tokens": 0
  }
}