{
  "model": "gpt-5",
  "duration_s": 350.70447969400266,
  "timestamp": "2025-09-11T14:57:03.438293",
  "usage": {
    "input_tokens": 939,
    "output_tokens": 16403,
    "reasoning_tokens": 0
  }
}