{
  "model": "gpt-5-mini",
  "duration_s": 42.21053017599479,
  "timestamp": "2025-09-11T15:06:52.982361",
  "usage": {
    "input_tokens": 3202,
    "output_tokens": 2663,
    "reasoning_tokens": 0
  }
}