{
  "model": "gpt-5",
  "duration_s": 547.3171875910048,
  "timestamp": "2025-09-11T15:06:10.761103",
  "usage": {
    "input_tokens": 3839,
    "output_tokens": 20244,
    "reasoning_tokens": 0
  }
}