{
  "model": "gpt-5",
  "duration_s": 1012.8501600729942,
  "timestamp": "2025-09-16T13:34:18.123121",
  "usage": {
    "input_tokens": 3030,
    "output_tokens": 30356,
    "reasoning_tokens": 0
  }
}