{
  "model": "gpt-5",
  "duration_s": 313.09976690800977,
  "timestamp": "2025-09-16T13:49:56.749644",
  "usage": {
    "input_tokens": 19903,
    "output_tokens": 27373,
    "reasoning_tokens": 0
  }
}