{
  "model": "gpt-5",
  "duration_s": 592.9555334920005,
  "timestamp": "2025-09-16T13:54:58.395548",
  "usage": {
    "input_tokens": 17838,
    "output_tokens": 47617,
    "reasoning_tokens": 0
  }
}