{
  "model": "gpt-5-mini",
  "duration_s": 64.82280500099296,
  "timestamp": "2025-09-16T13:59:14.220358",
  "usage": {
    "input_tokens": 43154,
    "output_tokens": 3229,
    "reasoning_tokens": 0
  }
}