{
  "model": "gpt-5",
  "duration_s": 190.96279085599235,
  "timestamp": "2025-09-16T13:58:09.375071",
  "usage": {
    "input_tokens": 39059,
    "output_tokens": 15188,
    "reasoning_tokens": 0
  }
}