{
  "model": "gpt-5",
  "duration_s": 105.86530190898338,
  "timestamp": "2025-09-14T21:10:46.539023",
  "usage": {
    "input_tokens": 128198,
    "output_tokens": 6192,
    "reasoning_tokens": 0
  }
}