{
  "model": "gpt-5",
  "duration_s": 78.02389485097956,
  "timestamp": "2025-09-14T21:10:18.750035",
  "usage": {
    "input_tokens": 127943,
    "output_tokens": 5528,
    "reasoning_tokens": 0
  }
}