{
  "model": "gpt-5",
  "duration_s": 129.22846078901784,
  "timestamp": "2025-09-14T21:11:10.002701",
  "usage": {
    "input_tokens": 129036,
    "output_tokens": 7705,
    "reasoning_tokens": 0
  }
}