{
  "model": "gpt-5",
  "duration_s": 133.30681287500192,
  "timestamp": "2025-09-14T21:11:14.042920",
  "usage": {
    "input_tokens": 128467,
    "output_tokens": 7599,
    "reasoning_tokens": 0
  }
}