{
  "model": "gpt-5-mini",
  "duration_s": 22.155605761014158,
  "timestamp": "2025-09-14T21:13:10.884785",
  "usage": {
    "input_tokens": 130593,
    "output_tokens": 1387,
    "reasoning_tokens": 0
  }
}