{
  "model": "gpt-5",
  "duration_s": 94.6619214869861,
  "timestamp": "2025-09-14T21:12:48.719088",
  "usage": {
    "input_tokens": 148731,
    "output_tokens": 5045,
    "reasoning_tokens": 0
  }
}