{
  "model": "gpt-5",
  "duration_s": 115.84622156200203,
  "timestamp": "2025-09-11T21:13:08.201582",
  "usage": {
    "input_tokens": 42756,
    "output_tokens": 5798,
    "reasoning_tokens": 0
  }
}