{
  "model": "gpt-5",
  "duration_s": 263.9814574829943,
  "timestamp": "2025-09-11T21:15:36.386064",
  "usage": {
    "input_tokens": 45288,
    "output_tokens": 11916,
    "reasoning_tokens": 0
  }
}