{
  "model": "gpt-5",
  "duration_s": 154.94281741500163,
  "timestamp": "2025-09-11T21:13:47.245205",
  "usage": {
    "input_tokens": 44777,
    "output_tokens": 7288,
    "reasoning_tokens": 0
  }
}