{
  "model": "gpt-5",
  "duration_s": 364.97473136700137,
  "timestamp": "2025-09-11T21:17:17.327485",
  "usage": {
    "input_tokens": 42535,
    "output_tokens": 18266,
    "reasoning_tokens": 0
  }
}