{
  "model": "gpt-5",
  "duration_s": 168.92315337400214,
  "timestamp": "2025-09-11T21:14:01.227588",
  "usage": {
    "input_tokens": 42924,
    "output_tokens": 9112,
    "reasoning_tokens": 0
  }
}