{
  "model": "gpt-5-mini",
  "duration_s": 42.702608323001186,
  "timestamp": "2025-09-11T21:20:29.476971",
  "usage": {
    "input_tokens": 54657,
    "output_tokens": 2874,
    "reasoning_tokens": 0
  }
}