{
  "model": "gpt-5",
  "duration_s": 149.4295383100034,
  "timestamp": "2025-09-11T21:19:46.767454",
  "usage": {
    "input_tokens": 105554,
    "output_tokens": 8008,
    "reasoning_tokens": 0
  }
}