{
  "model": "gpt-5",
  "duration_s": 2663.394084001,
  "timestamp": "2025-09-18T09:45:35.249953",
  "usage": {
    "input_tokens": 24714,
    "output_tokens": 21499,
    "reasoning_tokens": 0
  }
}