{
  "model": "gpt-5",
  "duration_s": 300.21766035200017,
  "timestamp": "2025-09-18T08:26:11.093189",
  "usage": {
    "input_tokens": 23830,
    "output_tokens": 10668,
    "reasoning_tokens": 0
  }
}