{
  "model": "gpt-5",
  "duration_s": 2370.6741920000004,
  "timestamp": "2025-09-18T09:40:42.534659",
  "usage": {
    "input_tokens": 22434,
    "output_tokens": 16102,
    "reasoning_tokens": 0
  }
}