{
  "model": "gpt-5",
  "duration_s": 400.3572325319983,
  "timestamp": "2025-09-15T07:28:58.831379",
  "usage": {
    "input_tokens": 16911,
    "output_tokens": 18675,
    "reasoning_tokens": 0
  }
}