{
  "model": "gpt-5",
  "duration_s": 326.6343016049941,
  "timestamp": "2025-09-15T07:27:45.160944",
  "usage": {
    "input_tokens": 16979,
    "output_tokens": 15691,
    "reasoning_tokens": 0
  }
}