{
  "model": "gpt-5",
  "duration_s": 427.75395965899224,
  "timestamp": "2025-09-15T07:29:26.330357",
  "usage": {
    "input_tokens": 16710,
    "output_tokens": 19284,
    "reasoning_tokens": 0
  }
}