{
  "model": "gpt-5",
  "duration_s": 366.7249591719883,
  "timestamp": "2025-09-15T07:28:25.255884",
  "usage": {
    "input_tokens": 16861,
    "output_tokens": 18521,
    "reasoning_tokens": 0
  }
}