{
  "model": "gpt-5-mini",
  "duration_s": 48.713558323011966,
  "timestamp": "2025-09-15T07:32:34.965300",
  "usage": {
    "input_tokens": 32756,
    "output_tokens": 2282,
    "reasoning_tokens": 0
  }
}