{
  "model": "gpt-5",
  "duration_s": 139.89908355099033,
  "timestamp": "2025-09-15T07:31:46.241735",
  "usage": {
    "input_tokens": 49201,
    "output_tokens": 9561,
    "reasoning_tokens": 0
  }
}