{
  "model": "gpt-5",
  "duration_s": 230.2285496800032,
  "timestamp": "2025-09-11T21:05:47.107618",
  "usage": {
    "input_tokens": 32184,
    "output_tokens": 11708,
    "reasoning_tokens": 0
  }
}