{
  "model": "gpt-5",
  "duration_s": 252.66894099499768,
  "timestamp": "2025-09-11T21:06:09.597432",
  "usage": {
    "input_tokens": 32772,
    "output_tokens": 11592,
    "reasoning_tokens": 0
  }
}