{
  "model": "gpt-5",
  "duration_s": 256.5155622539969,
  "timestamp": "2025-09-11T21:06:13.490020",
  "usage": {
    "input_tokens": 32205,
    "output_tokens": 12002,
    "reasoning_tokens": 0
  }
}