{
  "model": "gpt-5",
  "duration_s": 363.5093365530047,
  "timestamp": "2025-09-11T21:08:00.384105",
  "usage": {
    "input_tokens": 33249,
    "output_tokens": 17808,
    "reasoning_tokens": 0
  }
}