{
  "model": "gpt-5",
  "duration_s": 277.1976751780021,
  "timestamp": "2025-09-11T21:06:34.121094",
  "usage": {
    "input_tokens": 34273,
    "output_tokens": 13711,
    "reasoning_tokens": 0
  }
}