{
  "model": "gpt-5-mini",
  "duration_s": 28.343695730000036,
  "timestamp": "2025-09-11T21:11:12.284933",
  "usage": {
    "input_tokens": 41826,
    "output_tokens": 2323,
    "reasoning_tokens": 0
  }
}