{
  "model": "gpt-5",
  "duration_s": 163.5350238070023,
  "timestamp": "2025-09-11T21:10:43.932477",
  "usage": {
    "input_tokens": 86323,
    "output_tokens": 8716,
    "reasoning_tokens": 0
  }
}