{
  "model": "gpt-5",
  "duration_s": 302.0563904659939,
  "timestamp": "2025-09-14T21:03:00.730960",
  "usage": {
    "input_tokens": 5097,
    "output_tokens": 20475,
    "reasoning_tokens": 0
  }
}