{
  "model": "gpt-5",
  "duration_s": 337.55536299498635,
  "timestamp": "2025-09-14T21:03:36.187248",
  "usage": {
    "input_tokens": 6007,
    "output_tokens": 20234,
    "reasoning_tokens": 0
  }
}