{
  "model": "gpt-5",
  "duration_s": 257.84643815501477,
  "timestamp": "2025-09-14T21:02:16.474690",
  "usage": {
    "input_tokens": 4488,
    "output_tokens": 16644,
    "reasoning_tokens": 0
  }
}