{
  "model": "gpt-5-mini",
  "duration_s": 26.9809461190016,
  "timestamp": "2025-09-14T21:07:33.165615",
  "usage": {
    "input_tokens": 9703,
    "output_tokens": 1624,
    "reasoning_tokens": 0
  }
}