{
  "model": "gpt-5",
  "duration_s": 209.9790333980054,
  "timestamp": "2025-09-14T21:07:06.174284",
  "usage": {
    "input_tokens": 20933,
    "output_tokens": 12177,
    "reasoning_tokens": 0
  }
}