{
  "model": "gpt-5",
  "duration_s": 723.4757484149886,
  "timestamp": "2025-09-15T08:06:13.039598",
  "usage": {
    "input_tokens": 3919,
    "output_tokens": 28319,
    "reasoning_tokens": 0
  }
}