{
  "model": "gpt-5",
  "duration_s": 554.4245495150099,
  "timestamp": "2025-09-15T08:03:23.987766",
  "usage": {
    "input_tokens": 3965,
    "output_tokens": 27661,
    "reasoning_tokens": 0
  }
}