{
  "model": "gpt-5",
  "duration_s": 625.750761777017,
  "timestamp": "2025-09-15T08:04:35.377775",
  "usage": {
    "input_tokens": 3919,
    "output_tokens": 30223,
    "reasoning_tokens": 0
  }
}