{
  "model": "gpt-5-mini",
  "duration_s": 40.13032260601176,
  "timestamp": "2025-09-15T08:14:32.034717",
  "usage": {
    "input_tokens": 7508,
    "output_tokens": 2353,
    "reasoning_tokens": 0
  }
}