{
  "model": "gpt-5",
  "duration_s": 458.8521394410054,
  "timestamp": "2025-09-15T08:13:51.897604",
  "usage": {
    "input_tokens": 12046,
    "output_tokens": 19695,
    "reasoning_tokens": 0
  }
}