{
  "model": "gpt-5",
  "duration_s": 238.76437563099898,
  "timestamp": "2025-09-11T20:41:45.542451",
  "usage": {
    "input_tokens": 61292,
    "output_tokens": 10520,
    "reasoning_tokens": 0
  }
}