{
  "model": "gpt-5",
  "duration_s": 368.33697942300205,
  "timestamp": "2025-09-11T20:43:55.173487",
  "usage": {
    "input_tokens": 61420,
    "output_tokens": 13727,
    "reasoning_tokens": 0
  }
}