{
  "model": "gpt-5",
  "duration_s": 271.60298822399636,
  "timestamp": "2025-09-11T20:42:18.432388",
  "usage": {
    "input_tokens": 62814,
    "output_tokens": 10420,
    "reasoning_tokens": 0
  }
}