{
  "model": "gpt-5",
  "duration_s": 408.2520712620026,
  "timestamp": "2025-09-11T20:44:35.085927",
  "usage": {
    "input_tokens": 61479,
    "output_tokens": 17132,
    "reasoning_tokens": 0
  }
}