{
  "model": "gpt-5-mini",
  "duration_s": 28.237643982996815,
  "timestamp": "2025-09-11T20:48:22.673178",
  "usage": {
    "input_tokens": 69593,
    "output_tokens": 2032,
    "reasoning_tokens": 0
  }
}