{
  "model": "gpt-5",
  "duration_s": 199.32665776700014,
  "timestamp": "2025-09-11T20:47:54.426651",
  "usage": {
    "input_tokens": 102935,
    "output_tokens": 7571,
    "reasoning_tokens": 0
  }
}