{
  "model": "gpt-5",
  "duration_s": 387.6146084530046,
  "timestamp": "2025-09-15T08:41:44.890677",
  "usage": {
    "input_tokens": 20810,
    "output_tokens": 21685,
    "reasoning_tokens": 0
  }
}