{
  "model": "gpt-5",
  "duration_s": 312.2021923790162,
  "timestamp": "2025-09-15T08:40:29.479579",
  "usage": {
    "input_tokens": 22999,
    "output_tokens": 18942,
    "reasoning_tokens": 0
  }
}