{
  "model": "gpt-5",
  "duration_s": 252.1011465890042,
  "timestamp": "2025-09-15T08:40:30.900049",
  "usage": {
    "input_tokens": 21538,
    "output_tokens": 14033,
    "reasoning_tokens": 0
  }
}