{
  "model": "gpt-5-mini",
  "duration_s": 113.15174490699428,
  "timestamp": "2025-09-15T08:46:39.935652",
  "usage": {
    "input_tokens": 32451,
    "output_tokens": 4648,
    "reasoning_tokens": 0
  }
}