{
  "model": "gpt-5",
  "duration_s": 181.87368448398774,
  "timestamp": "2025-09-15T08:44:46.772610",
  "usage": {
    "input_tokens": 46574,
    "output_tokens": 11559,
    "reasoning_tokens": 0
  }
}