{
  "model": "gpt-5",
  "duration_s": 186.98022593899805,
  "timestamp": "2025-09-11T15:37:20.868623",
  "usage": {
    "input_tokens": 199346,
    "output_tokens": 7488,
    "reasoning_tokens": 0
  }
}