{
  "model": "gpt-5",
  "duration_s": 136.6744359939985,
  "timestamp": "2025-09-11T15:36:30.619812",
  "usage": {
    "input_tokens": 200552,
    "output_tokens": 5641,
    "reasoning_tokens": 0
  }
}