{
  "model": "gpt-5",
  "duration_s": 108.01744534399768,
  "timestamp": "2025-09-11T15:36:01.955083",
  "usage": {
    "input_tokens": 199879,
    "output_tokens": 4637,
    "reasoning_tokens": 0
  }
}