{
  "model": "gpt-5",
  "duration_s": 112.18982822200633,
  "timestamp": "2025-09-11T15:36:06.075416",
  "usage": {
    "input_tokens": 200103,
    "output_tokens": 4364,
    "reasoning_tokens": 0
  }
}