{
  "model": "gpt-5-mini",
  "duration_s": 1860.731236478001,
  "timestamp": "2025-09-11T20:19:30.990484",
  "usage": {
    "input_tokens": 207254,
    "output_tokens": 1282,
    "reasoning_tokens": 0
  }
}