{
  "model": "gpt-5",
  "duration_s": 92.3225664230049,
  "timestamp": "2025-09-11T15:38:53.203601",
  "usage": {
    "input_tokens": 235184,
    "output_tokens": 3003,
    "reasoning_tokens": 0
  }
}