{
  "model": "gpt-5",
  "duration_s": 121.96714360101032,
  "timestamp": "2025-09-16T13:55:36.019366",
  "usage": {
    "input_tokens": 28975,
    "output_tokens": 7804,
    "reasoning_tokens": 0
  }
}