{
  "model": "gpt-5",
  "duration_s": 188.574945062981,
  "timestamp": "2025-09-16T13:47:27.968120",
  "usage": {
    "input_tokens": 12577,
    "output_tokens": 16574,
    "reasoning_tokens": 0
  }
}