{
  "model": "gpt-5",
  "duration_s": 250.3040881990164,
  "timestamp": "2025-09-16T13:57:44.341289",
  "usage": {
    "input_tokens": 31425,
    "output_tokens": 16216,
    "reasoning_tokens": 0
  }
}