{
  "model": "gpt-5-mini",
  "duration_s": 34.9562125140219,
  "timestamp": "2025-09-16T14:01:41.072383",
  "usage": {
    "input_tokens": 49137,
    "output_tokens": 2180,
    "reasoning_tokens": 0
  }
}