{
  "model": "gpt-5",
  "duration_s": 201.75165681898943,
  "timestamp": "2025-09-16T14:01:06.106163",
  "usage": {
    "input_tokens": 55527,
    "output_tokens": 13385,
    "reasoning_tokens": 0
  }
}