{
  "model": "gpt-5",
  "duration_s": 329.72084096999606,
  "timestamp": "2025-09-15T08:48:24.470727",
  "usage": {
    "input_tokens": 36393,
    "output_tokens": 18642,
    "reasoning_tokens": 0
  }
}