{
  "model": "gpt-5",
  "duration_s": 130.81479358801153,
  "timestamp": "2025-09-15T08:45:05.566126",
  "usage": {
    "input_tokens": 39068,
    "output_tokens": 7525,
    "reasoning_tokens": 0
  }
}