{
  "model": "gpt-5",
  "duration_s": 185.90598673801287,
  "timestamp": "2025-09-15T08:46:00.704399",
  "usage": {
    "input_tokens": 37928,
    "output_tokens": 12409,
    "reasoning_tokens": 0
  }
}