{
  "model": "gpt-5-mini",
  "duration_s": 33.22645154298516,
  "timestamp": "2025-09-15T08:53:44.479260",
  "usage": {
    "input_tokens": 35803,
    "output_tokens": 1894,
    "reasoning_tokens": 0
  }
}