{
  "model": "gpt-5",
  "duration_s": 286.76361768200877,
  "timestamp": "2025-09-15T08:53:11.245782",
  "usage": {
    "input_tokens": 58907,
    "output_tokens": 17910,
    "reasoning_tokens": 0
  }
}