{
  "model": "gpt-5",
  "duration_s": 120.28788034699392,
  "timestamp": "2025-09-14T21:13:09.168990",
  "usage": {
    "input_tokens": 181306,
    "output_tokens": 5308,
    "reasoning_tokens": 0
  }
}