{
  "model": "gpt-5",
  "duration_s": 119.38539299997501,
  "timestamp": "2025-09-14T21:13:08.279507",
  "usage": {
    "input_tokens": 181256,
    "output_tokens": 5603,
    "reasoning_tokens": 0
  }
}