{
  "model": "gpt-5",
  "duration_s": 63.78510367500712,
  "timestamp": "2025-09-14T21:12:12.614062",
  "usage": {
    "input_tokens": 180603,
    "output_tokens": 4699,
    "reasoning_tokens": 0
  }
}