{
  "model": "gpt-5",
  "duration_s": 102.44190348099801,
  "timestamp": "2025-09-14T21:12:51.341098",
  "usage": {
    "input_tokens": 181425,
    "output_tokens": 4991,
    "reasoning_tokens": 0
  }
}