{
  "model": "gpt-5",
  "duration_s": 64.49800110299839,
  "timestamp": "2025-09-14T21:12:13.329742",
  "usage": {
    "input_tokens": 181765,
    "output_tokens": 2962,
    "reasoning_tokens": 0
  }
}