{
  "model": "gpt-5-mini",
  "duration_s": 42.47151898199809,
  "timestamp": "2025-09-14T21:15:01.596768",
  "usage": {
    "input_tokens": 202731,
    "output_tokens": 1151,
    "reasoning_tokens": 0
  }
}