{
  "model": "gpt-5",
  "duration_s": 69.93423195299692,
  "timestamp": "2025-09-14T21:14:19.116555",
  "usage": {
    "input_tokens": 226561,
    "output_tokens": 3758,
    "reasoning_tokens": 0
  }
}