{
  "model": "gpt-5",
  "duration_s": 317.9322139650003,
  "timestamp": "2025-09-18T08:12:51.847915",
  "usage": {
    "input_tokens": 12816,
    "output_tokens": 15246,
    "reasoning_tokens": 0
  }
}