{
  "model": "gpt-5",
  "duration_s": 163.60149575100058,
  "timestamp": "2025-09-18T08:10:17.519996",
  "usage": {
    "input_tokens": 12704,
    "output_tokens": 7330,
    "reasoning_tokens": 0
  }
}