{
  "model": "gpt-5",
  "duration_s": 209.4445781429995,
  "timestamp": "2025-09-18T08:11:03.361814",
  "usage": {
    "input_tokens": 13584,
    "output_tokens": 10649,
    "reasoning_tokens": 0
  }
}