{
  "model": "gpt-5-mini",
  "duration_s": 26.056316659000004,
  "timestamp": "2025-09-18T08:16:29.524420",
  "usage": {
    "input_tokens": 13374,
    "output_tokens": 1466,
    "reasoning_tokens": 0
  }
}