{
  "model": "gpt-5",
  "duration_s": 191.6052972410007,
  "timestamp": "2025-09-18T08:16:03.462810",
  "usage": {
    "input_tokens": 31826,
    "output_tokens": 9858,
    "reasoning_tokens": 0
  }
}