{
  "model": "gpt-5",
  "duration_s": 2020.000415987015,
  "timestamp": "2025-09-15T07:16:29.026881",
  "usage": {
    "input_tokens": 10492,
    "output_tokens": 14582,
    "reasoning_tokens": 0
  }
}