{
  "model": "gpt-5",
  "duration_s": 182.432500719995,
  "timestamp": "2025-09-14T21:36:13.020643",
  "usage": {
    "input_tokens": 10372,
    "output_tokens": 10872,
    "reasoning_tokens": 0
  }
}