{
  "model": "gpt-5",
  "duration_s": 242.47922446602024,
  "timestamp": "2025-09-14T21:37:13.163482",
  "usage": {
    "input_tokens": 10583,
    "output_tokens": 15895,
    "reasoning_tokens": 0
  }
}