{
  "model": "gpt-5",
  "duration_s": 230.20865854001022,
  "timestamp": "2025-09-14T21:37:00.842174",
  "usage": {
    "input_tokens": 10268,
    "output_tokens": 12361,
    "reasoning_tokens": 0
  }
}