{
  "model": "gpt-5-mini",
  "duration_s": 80.0487951770192,
  "timestamp": "2025-09-15T07:22:18.464575",
  "usage": {
    "input_tokens": 20377,
    "output_tokens": 2589,
    "reasoning_tokens": 0
  }
}