{
  "model": "gpt-5",
  "duration_s": 269.3760328350181,
  "timestamp": "2025-09-15T07:20:58.408804",
  "usage": {
    "input_tokens": 34725,
    "output_tokens": 9001,
    "reasoning_tokens": 0
  }
}