{
  "model": "gpt-5",
  "duration_s": 339.1094642649987,
  "timestamp": "2025-09-11T20:33:12.556295",
  "usage": {
    "input_tokens": 36332,
    "output_tokens": 10120,
    "reasoning_tokens": 0
  }
}