{
  "model": "gpt-5",
  "duration_s": 417.9511309219961,
  "timestamp": "2025-09-11T20:34:31.446547",
  "usage": {
    "input_tokens": 37354,
    "output_tokens": 18261,
    "reasoning_tokens": 0
  }
}