{
  "model": "gpt-5",
  "duration_s": 418.45110184499936,
  "timestamp": "2025-09-11T20:34:31.952847",
  "usage": {
    "input_tokens": 36581,
    "output_tokens": 19816,
    "reasoning_tokens": 0
  }
}