{
  "model": "gpt-5",
  "duration_s": 323.3744456409986,
  "timestamp": "2025-09-11T20:32:56.824698",
  "usage": {
    "input_tokens": 37723,
    "output_tokens": 14036,
    "reasoning_tokens": 0
  }
}