{
  "model": "gpt-5-mini",
  "duration_s": 19.928384952996566,
  "timestamp": "2025-09-11T20:37:09.031699",
  "usage": {
    "input_tokens": 57993,
    "output_tokens": 1494,
    "reasoning_tokens": 0
  }
}