{
  "model": "gpt-5",
  "duration_s": 136.25852324199514,
  "timestamp": "2025-09-11T20:36:49.091208",
  "usage": {
    "input_tokens": 82044,
    "output_tokens": 5586,
    "reasoning_tokens": 0
  }
}