{
  "model": "gpt-5",
  "duration_s": 475.9320552779973,
  "timestamp": "2025-09-11T15:13:05.665424",
  "usage": {
    "input_tokens": 7174,
    "output_tokens": 22671,
    "reasoning_tokens": 0
  }
}