{
  "model": "gpt-5",
  "duration_s": 460.19055795700115,
  "timestamp": "2025-09-11T15:12:50.026440",
  "usage": {
    "input_tokens": 7174,
    "output_tokens": 23314,
    "reasoning_tokens": 0
  }
}