{
  "model": "gpt-5",
  "duration_s": 468.3411462340009,
  "timestamp": "2025-09-11T15:12:58.073416",
  "usage": {
    "input_tokens": 7174,
    "output_tokens": 24344,
    "reasoning_tokens": 0
  }
}