{
  "model": "gpt-5",
  "duration_s": 422.9992958150033,
  "timestamp": "2025-09-11T15:12:12.793678",
  "usage": {
    "input_tokens": 7174,
    "output_tokens": 19007,
    "reasoning_tokens": 0
  }
}