{
  "model": "gpt-5-mini",
  "duration_s": 25.809485439000127,
  "timestamp": "2025-09-11T15:19:25.504452",
  "usage": {
    "input_tokens": 9072,
    "output_tokens": 2235,
    "reasoning_tokens": 0
  }
}