{
  "model": "gpt-5",
  "duration_s": 354.0006126080043,
  "timestamp": "2025-09-11T15:18:59.686571",
  "usage": {
    "input_tokens": 16797,
    "output_tokens": 17308,
    "reasoning_tokens": 0
  }
}