{
  "model": "gpt-5",
  "duration_s": 176.37138873200456,
  "timestamp": "2025-09-12T14:23:34.480932",
  "usage": {
    "input_tokens": 45597,
    "output_tokens": 9380,
    "reasoning_tokens": 0
  }
}