{
  "model": "gpt-5",
  "duration_s": 115.1295653119887,
  "timestamp": "2025-09-12T14:22:33.290549",
  "usage": {
    "input_tokens": 46903,
    "output_tokens": 4984,
    "reasoning_tokens": 0
  }
}