{
  "model": "gpt-5",
  "duration_s": 186.89534518899745,
  "timestamp": "2025-09-12T14:23:45.003794",
  "usage": {
    "input_tokens": 45914,
    "output_tokens": 10410,
    "reasoning_tokens": 0
  }
}