{
  "model": "gpt-5",
  "duration_s": 83.25612929799536,
  "timestamp": "2025-09-12T14:22:01.420359",
  "usage": {
    "input_tokens": 45922,
    "output_tokens": 3544,
    "reasoning_tokens": 0
  }
}