{
  "model": "gpt-5-mini",
  "duration_s": 24.71695360499143,
  "timestamp": "2025-09-12T14:25:05.979272",
  "usage": {
    "input_tokens": 67670,
    "output_tokens": 1323,
    "reasoning_tokens": 0
  }
}