{
  "model": "gpt-5",
  "duration_s": 56.25204891899193,
  "timestamp": "2025-09-12T14:24:41.259593",
  "usage": {
    "input_tokens": 102651,
    "output_tokens": 2220,
    "reasoning_tokens": 0
  }
}