{
  "model": "gpt-5",
  "duration_s": 477.09101665300113,
  "timestamp": "2025-09-11T15:14:50.090040",
  "usage": {
    "input_tokens": 5933,
    "output_tokens": 22128,
    "reasoning_tokens": 0
  }
}