{
  "model": "gpt-5-mini",
  "duration_s": 40.439871968999796,
  "timestamp": "2025-09-11T15:20:14.322947",
  "usage": {
    "input_tokens": 8589,
    "output_tokens": 2258,
    "reasoning_tokens": 0
  }
}