{
  "model": "gpt-5",
  "duration_s": 283.77086023599986,
  "timestamp": "2025-09-11T15:19:33.870340",
  "usage": {
    "input_tokens": 10952,
    "output_tokens": 12523,
    "reasoning_tokens": 0
  }
}