{
  "model": "gpt-5",
  "duration_s": 207.91271995600255,
  "timestamp": "2025-09-11T15:31:23.454237",
  "usage": {
    "input_tokens": 148631,
    "output_tokens": 7516,
    "reasoning_tokens": 0
  }
}