{
  "model": "gpt-5",
  "duration_s": 153.8002487190024,
  "timestamp": "2025-09-11T15:30:29.300653",
  "usage": {
    "input_tokens": 147760,
    "output_tokens": 6498,
    "reasoning_tokens": 0
  }
}