{
  "model": "gpt-5",
  "duration_s": 165.2721216209975,
  "timestamp": "2025-09-11T15:30:40.769322",
  "usage": {
    "input_tokens": 147912,
    "output_tokens": 6389,
    "reasoning_tokens": 0
  }
}