{
  "model": "gpt-5",
  "duration_s": 155.53629504099808,
  "timestamp": "2025-09-11T15:30:31.029052",
  "usage": {
    "input_tokens": 148497,
    "output_tokens": 6177,
    "reasoning_tokens": 0
  }
}