{
  "model": "gpt-5-mini",
  "duration_s": 41.287570340995444,
  "timestamp": "2025-09-11T15:34:13.870558",
  "usage": {
    "input_tokens": 153701,
    "output_tokens": 1272,
    "reasoning_tokens": 0
  }
}