{
  "model": "gpt-5",
  "duration_s": 129.1074361610008,
  "timestamp": "2025-09-11T15:33:32.573258",
  "usage": {
    "input_tokens": 175854,
    "output_tokens": 4301,
    "reasoning_tokens": 0
  }
}