{
  "model": "gpt-5",
  "duration_s": 131.95844662899617,
  "timestamp": "2025-09-12T11:26:41.653284",
  "usage": {
    "input_tokens": 47524,
    "output_tokens": 6917,
    "reasoning_tokens": 0
  }
}