{
  "model": "gpt-5",
  "duration_s": 180.19896926000365,
  "timestamp": "2025-09-11T15:21:03.686294",
  "usage": {
    "input_tokens": 47521,
    "output_tokens": 6220,
    "reasoning_tokens": 0
  }
}