{
  "model": "gpt-5",
  "duration_s": 108.71372815799987,
  "timestamp": "2025-09-11T15:19:52.198871",
  "usage": {
    "input_tokens": 47521,
    "output_tokens": 4563,
    "reasoning_tokens": 0
  }
}