{
  "model": "gpt-5",
  "duration_s": 127.30595283900038,
  "timestamp": "2025-09-11T15:20:10.841218",
  "usage": {
    "input_tokens": 47521,
    "output_tokens": 5334,
    "reasoning_tokens": 0
  }
}