{
  "model": "gpt-5",
  "duration_s": 169.63314859199454,
  "timestamp": "2025-09-11T15:20:53.119878",
  "usage": {
    "input_tokens": 47521,
    "output_tokens": 6524,
    "reasoning_tokens": 0
  }
}