{
  "model": "gpt-5",
  "duration_s": 130.94865965400822,
  "timestamp": "2025-09-12T11:26:40.694553",
  "usage": {
    "input_tokens": 47524,
    "output_tokens": 6538,
    "reasoning_tokens": 0
  }
}