{
  "model": "gpt-5",
  "duration_s": 125.9181770560026,
  "timestamp": "2025-09-11T15:20:09.456281",
  "usage": {
    "input_tokens": 47521,
    "output_tokens": 4504,
    "reasoning_tokens": 0
  }
}