{
  "model": "gpt-5-mini",
  "duration_s": 41.390627373002644,
  "timestamp": "2025-09-11T15:25:21.992845",
  "usage": {
    "input_tokens": 51325,
    "output_tokens": 2479,
    "reasoning_tokens": 0
  }
}