{
  "model": "gpt-5-mini",
  "duration_s": 50.11107944599644,
  "timestamp": "2025-09-12T11:30:50.314395",
  "usage": {
    "input_tokens": 50888,
    "output_tokens": 2154,
    "reasoning_tokens": 0
  }
}