{
  "model": "gpt-5",
  "duration_s": 198.53351162200852,
  "timestamp": "2025-09-12T11:30:00.198329",
  "usage": {
    "input_tokens": 53221,
    "output_tokens": 9333,
    "reasoning_tokens": 0
  }
}