{
  "model": "gpt-5",
  "duration_s": 216.88613958900532,
  "timestamp": "2025-09-11T15:24:40.598102",
  "usage": {
    "input_tokens": 58529,
    "output_tokens": 9628,
    "reasoning_tokens": 0
  }
}