{
  "model": "gpt-5",
  "duration_s": 303.53633614499995,
  "timestamp": "2025-09-11T15:04:02.331827",
  "usage": {
    "input_tokens": 119745,
    "output_tokens": 10892,
    "reasoning_tokens": 0
  }
}