{
  "model": "gpt-5",
  "duration_s": 324.5617616419986,
  "timestamp": "2025-09-11T15:04:23.305543",
  "usage": {
    "input_tokens": 119601,
    "output_tokens": 14279,
    "reasoning_tokens": 0
  }
}