{
  "model": "gpt-5",
  "duration_s": 237.72607197699836,
  "timestamp": "2025-09-11T15:02:56.419513",
  "usage": {
    "input_tokens": 119266,
    "output_tokens": 8550,
    "reasoning_tokens": 0
  }
}