{
  "model": "gpt-5-mini",
  "duration_s": 33.47750340599305,
  "timestamp": "2025-09-11T15:07:26.025363",
  "usage": {
    "input_tokens": 126289,
    "output_tokens": 1161,
    "reasoning_tokens": 0
  }
}