{
  "model": "gpt-5",
  "duration_s": 149.22178943100153,
  "timestamp": "2025-09-11T15:06:52.541160",
  "usage": {
    "input_tokens": 146184,
    "output_tokens": 5543,
    "reasoning_tokens": 0
  }
}