{
  "model": "gpt-5",
  "duration_s": 141.50318946200423,
  "timestamp": "2025-09-11T15:28:18.504576",
  "usage": {
    "input_tokens": 27664,
    "output_tokens": 4729,
    "reasoning_tokens": 0
  }
}