{
  "model": "gpt-5",
  "duration_s": 142.671706137,
  "timestamp": "2025-09-11T15:28:19.565457",
  "usage": {
    "input_tokens": 36243,
    "output_tokens": 5074,
    "reasoning_tokens": 0
  }
}