{
  "model": "gpt-5",
  "duration_s": 168.7797054929979,
  "timestamp": "2025-09-11T15:28:51.545204",
  "usage": {
    "input_tokens": 37320,
    "output_tokens": 6845,
    "reasoning_tokens": 0
  }
}