{
  "model": "gpt-5",
  "duration_s": 125.11337951700261,
  "timestamp": "2025-09-11T15:28:02.009084",
  "usage": {
    "input_tokens": 35950,
    "output_tokens": 4740,
    "reasoning_tokens": 0
  }
}