{
  "model": "gpt-5-mini",
  "duration_s": 23.09813816800306,
  "timestamp": "2025-09-11T15:31:28.582528",
  "usage": {
    "input_tokens": 46388,
    "output_tokens": 1256,
    "reasoning_tokens": 0
  }
}