{
  "model": "gpt-5",
  "duration_s": 133.92408000900468,
  "timestamp": "2025-09-11T15:31:05.480149",
  "usage": {
    "input_tokens": 52711,
    "output_tokens": 4968,
    "reasoning_tokens": 0
  }
}