{
  "model": "gpt-5",
  "duration_s": 281.7600757850014,
  "timestamp": "2025-09-11T14:43:00.402036",
  "usage": {
    "input_tokens": 69399,
    "output_tokens": 14385,
    "reasoning_tokens": 0
  }
}