{
  "model": "gpt-5",
  "duration_s": 357.92575415200554,
  "timestamp": "2025-09-11T14:44:16.623290",
  "usage": {
    "input_tokens": 68608,
    "output_tokens": 13978,
    "reasoning_tokens": 0
  }
}