{
  "model": "gpt-5",
  "duration_s": 403.0527329719989,
  "timestamp": "2025-09-11T14:45:01.749405",
  "usage": {
    "input_tokens": 68614,
    "output_tokens": 19640,
    "reasoning_tokens": 0
  }
}