{
  "model": "gpt-5-mini",
  "duration_s": 36.67869812600111,
  "timestamp": "2025-09-11T14:48:36.687412",
  "usage": {
    "input_tokens": 71298,
    "output_tokens": 2204,
    "reasoning_tokens": 0
  }
}