{
  "model": "gpt-5",
  "duration_s": 178.2460899689977,
  "timestamp": "2025-09-11T14:48:00.000865",
  "usage": {
    "input_tokens": 85425,
    "output_tokens": 7360,
    "reasoning_tokens": 0
  }
}