{
  "model": "gpt-5",
  "duration_s": 1163.0513066709973,
  "timestamp": "2025-09-15T08:31:06.487930",
  "usage": {
    "input_tokens": 11436,
    "output_tokens": 36530,
    "reasoning_tokens": 0
  }
}