{
  "model": "gpt-5",
  "duration_s": 750.3621246989933,
  "timestamp": "2025-09-15T08:27:02.460037",
  "usage": {
    "input_tokens": 13237,
    "output_tokens": 20872,
    "reasoning_tokens": 0
  }
}