{
  "model": "gpt-5",
  "duration_s": 993.3978129189927,
  "timestamp": "2025-09-15T08:28:16.783270",
  "usage": {
    "input_tokens": 11840,
    "output_tokens": 35478,
    "reasoning_tokens": 0
  }
}