{
  "model": "gpt-5-mini",
  "duration_s": 35.82638546699309,
  "timestamp": "2025-09-15T08:36:18.686806",
  "usage": {
    "input_tokens": 20392,
    "output_tokens": 2125,
    "reasoning_tokens": 0
  }
}