{
  "model": "gpt-5",
  "duration_s": 276.35508193899295,
  "timestamp": "2025-09-15T08:35:42.853630",
  "usage": {
    "input_tokens": 29095,
    "output_tokens": 14610,
    "reasoning_tokens": 0
  }
}