{
  "model": "gpt-5",
  "duration_s": 96.30058032299712,
  "timestamp": "2025-09-11T15:36:05.975627",
  "usage": {
    "input_tokens": 202238,
    "output_tokens": 3626,
    "reasoning_tokens": 0
  }
}