{
  "model": "gpt-5",
  "duration_s": 94.37795758299762,
  "timestamp": "2025-09-11T15:36:04.006092",
  "usage": {
    "input_tokens": 201605,
    "output_tokens": 3508,
    "reasoning_tokens": 0
  }
}