{
  "model": "gpt-5",
  "duration_s": 96.66085149299761,
  "timestamp": "2025-09-11T15:36:06.344435",
  "usage": {
    "input_tokens": 200475,
    "output_tokens": 3279,
    "reasoning_tokens": 0
  }
}