{
  "model": "gpt-5",
  "duration_s": 90.28304420899804,
  "timestamp": "2025-09-11T15:35:59.913404",
  "usage": {
    "input_tokens": 201180,
    "output_tokens": 3383,
    "reasoning_tokens": 0
  }
}