{
  "model": "gpt-5",
  "duration_s": 79.72624969099707,
  "timestamp": "2025-09-11T15:35:49.351235",
  "usage": {
    "input_tokens": 201457,
    "output_tokens": 3638,
    "reasoning_tokens": 0
  }
}