{
  "model": "gpt-5-mini",
  "duration_s": 34.00832690799871,
  "timestamp": "2025-09-11T15:38:27.071553",
  "usage": {
    "input_tokens": 216458,
    "output_tokens": 1491,
    "reasoning_tokens": 0
  }
}