{
  "model": "gpt-5",
  "duration_s": 106.69758560699847,
  "timestamp": "2025-09-11T15:37:53.054556",
  "usage": {
    "input_tokens": 239405,
    "output_tokens": 4125,
    "reasoning_tokens": 0
  }
}