{
  "model": "gpt-5",
  "duration_s": 95.94979527898249,
  "timestamp": "2025-09-14T21:14:46.855403",
  "usage": {
    "input_tokens": 172881,
    "output_tokens": 5306,
    "reasoning_tokens": 0
  }
}