{
  "model": "gpt-5",
  "duration_s": 128.46152590200654,
  "timestamp": "2025-09-14T21:15:19.464221",
  "usage": {
    "input_tokens": 172741,
    "output_tokens": 6752,
    "reasoning_tokens": 0
  }
}