{
  "model": "gpt-5",
  "duration_s": 118.16830150800524,
  "timestamp": "2025-09-14T21:15:09.119965",
  "usage": {
    "input_tokens": 173684,
    "output_tokens": 5931,
    "reasoning_tokens": 0
  }
}