{
  "model": "gpt-5",
  "duration_s": 100.19419025801471,
  "timestamp": "2025-09-14T21:14:51.095747",
  "usage": {
    "input_tokens": 172398,
    "output_tokens": 6528,
    "reasoning_tokens": 0
  }
}