{
  "model": "gpt-5-mini",
  "duration_s": 20.559716821997426,
  "timestamp": "2025-09-14T21:17:37.766154",
  "usage": {
    "input_tokens": 176654,
    "output_tokens": 937,
    "reasoning_tokens": 0
  }
}