{
  "model": "gpt-5",
  "duration_s": 117.71923445299035,
  "timestamp": "2025-09-14T21:17:17.196475",
  "usage": {
    "input_tokens": 200141,
    "output_tokens": 5973,
    "reasoning_tokens": 0
  }
}