{
  "model": "gpt-5",
  "duration_s": 952.4153170729987,
  "timestamp": "2025-09-16T07:34:23.585450",
  "usage": {
    "input_tokens": 598,
    "output_tokens": 50733,
    "reasoning_tokens": 0
  }
}