{
  "model": "gpt-5",
  "duration_s": 1223.6622724519984,
  "timestamp": "2025-09-16T07:38:54.884554",
  "usage": {
    "input_tokens": 644,
    "output_tokens": 63966,
    "reasoning_tokens": 0
  }
}