{
  "model": "gpt-5",
  "duration_s": 1665.2741741699865,
  "timestamp": "2025-09-16T13:12:26.618876",
  "usage": {
    "input_tokens": 662,
    "output_tokens": 63161,
    "reasoning_tokens": 0
  }
}