{
  "model": "gpt-5",
  "duration_s": 1253.2057792269916,
  "timestamp": "2025-09-16T13:05:34.615818",
  "usage": {
    "input_tokens": 616,
    "output_tokens": 45169,
    "reasoning_tokens": 0
  }
}