{
  "model": "gpt-5",
  "duration_s": 1079.3688317670021,
  "timestamp": "2025-09-16T07:36:30.540988",
  "usage": {
    "input_tokens": 598,
    "output_tokens": 63475,
    "reasoning_tokens": 0
  }
}