{
  "model": "gpt-5-mini",
  "duration_s": 41.161739861010574,
  "timestamp": "2025-09-16T13:34:30.105367",
  "usage": {
    "input_tokens": 10475,
    "output_tokens": 2837,
    "reasoning_tokens": 0
  }
}