{
  "model": "gpt-5-mini",
  "duration_s": 66.10394396199263,
  "timestamp": "2025-09-16T07:51:28.932572",
  "usage": {
    "input_tokens": 4292,
    "output_tokens": 2250,
    "reasoning_tokens": 0
  }
}