{
  "model": "gpt-5",
  "duration_s": 683.6193468690035,
  "timestamp": "2025-09-16T07:50:22.824973",
  "usage": {
    "input_tokens": 9186,
    "output_tokens": 30630,
    "reasoning_tokens": 0
  }
}