{
  "model": "gpt-5",
  "duration_s": 1483.689784830989,
  "timestamp": "2025-09-16T13:33:48.935674",
  "usage": {
    "input_tokens": 7836,
    "output_tokens": 50618,
    "reasoning_tokens": 0
  }
}