{
  "model": "gpt-5",
  "duration_s": 404.30756356500206,
  "timestamp": "2025-09-11T20:39:45.147851",
  "usage": {
    "input_tokens": 14520,
    "output_tokens": 18880,
    "reasoning_tokens": 0
  }
}