{
  "model": "gpt-5",
  "duration_s": 243.57960264299618,
  "timestamp": "2025-09-11T20:37:04.423451",
  "usage": {
    "input_tokens": 14582,
    "output_tokens": 10285,
    "reasoning_tokens": 0
  }
}