{
  "model": "gpt-5",
  "duration_s": 374.19949249600177,
  "timestamp": "2025-09-11T20:39:14.994742",
  "usage": {
    "input_tokens": 15098,
    "output_tokens": 16479,
    "reasoning_tokens": 0
  }
}