{
  "model": "gpt-5",
  "duration_s": 407.50523103900196,
  "timestamp": "2025-09-11T20:39:48.296345",
  "usage": {
    "input_tokens": 14979,
    "output_tokens": 19643,
    "reasoning_tokens": 0
  }
}