{
  "model": "gpt-5-mini",
  "duration_s": 30.151011900998128,
  "timestamp": "2025-09-11T20:43:41.067022",
  "usage": {
    "input_tokens": 22082,
    "output_tokens": 2073,
    "reasoning_tokens": 0
  }
}