{
  "model": "gpt-5",
  "duration_s": 202.60098436899716,
  "timestamp": "2025-09-11T20:43:10.907526",
  "usage": {
    "input_tokens": 36479,
    "output_tokens": 10081,
    "reasoning_tokens": 0
  }
}