{
  "model": "gpt-5",
  "duration_s": 574.5740372680011,
  "timestamp": "2025-09-15T07:24:11.922696",
  "usage": {
    "input_tokens": 3948,
    "output_tokens": 23077,
    "reasoning_tokens": 0
  }
}