{
  "model": "gpt-5",
  "duration_s": 444.2663219709939,
  "timestamp": "2025-09-15T07:22:01.582287",
  "usage": {
    "input_tokens": 3948,
    "output_tokens": 19482,
    "reasoning_tokens": 0
  }
}