{
  "model": "gpt-5",
  "duration_s": 302.99073716200655,
  "timestamp": "2025-09-15T07:19:40.285657",
  "usage": {
    "input_tokens": 3994,
    "output_tokens": 25269,
    "reasoning_tokens": 0
  }
}