{
  "model": "gpt-5",
  "duration_s": 519.8214475709974,
  "timestamp": "2025-09-11T15:35:37.741955",
  "usage": {
    "input_tokens": 6326,
    "output_tokens": 23056,
    "reasoning_tokens": 0
  }
}