{
  "model": "gpt-5",
  "duration_s": 423.1516298869974,
  "timestamp": "2025-09-11T15:34:01.128136",
  "usage": {
    "input_tokens": 7374,
    "output_tokens": 20150,
    "reasoning_tokens": 0
  }
}