{
  "model": "gpt-5",
  "duration_s": 422.3617283659987,
  "timestamp": "2025-09-11T15:34:00.334820",
  "usage": {
    "input_tokens": 6809,
    "output_tokens": 17970,
    "reasoning_tokens": 0
  }
}