{
  "model": "gpt-5",
  "duration_s": 636.2400414770018,
  "timestamp": "2025-09-11T15:37:34.160840",
  "usage": {
    "input_tokens": 6231,
    "output_tokens": 25518,
    "reasoning_tokens": 0
  }
}