{
  "model": "gpt-5-mini",
  "duration_s": 49.359909749997314,
  "timestamp": "2025-09-11T20:21:33.392665",
  "usage": {
    "input_tokens": 11162,
    "output_tokens": 2109,
    "reasoning_tokens": 0
  }
}