{
  "model": "gpt-5",
  "duration_s": 2012.8075447609954,
  "timestamp": "2025-09-11T20:20:44.019031",
  "usage": {
    "input_tokens": 24752,
    "output_tokens": 10022,
    "reasoning_tokens": 0
  }
}