{
  "model": "gpt-5",
  "duration_s": 330.9923867079997,
  "timestamp": "2025-09-11T15:24:56.513293",
  "usage": {
    "input_tokens": 15477,
    "output_tokens": 14408,
    "reasoning_tokens": 0
  }
}