{
  "model": "gpt-5",
  "duration_s": 272.3289605420068,
  "timestamp": "2025-09-11T15:23:57.914321",
  "usage": {
    "input_tokens": 15438,
    "output_tokens": 14463,
    "reasoning_tokens": 0
  }
}