{
  "model": "gpt-5",
  "duration_s": 401.5185902720041,
  "timestamp": "2025-09-11T15:26:07.092185",
  "usage": {
    "input_tokens": 15809,
    "output_tokens": 17446,
    "reasoning_tokens": 0
  }
}