{
  "model": "gpt-5",
  "duration_s": 512.5144417400006,
  "timestamp": "2025-09-11T15:27:58.034864",
  "usage": {
    "input_tokens": 15492,
    "output_tokens": 21161,
    "reasoning_tokens": 0
  }
}