{
  "model": "gpt-5-mini",
  "duration_s": 33.556681682006456,
  "timestamp": "2025-09-11T15:33:15.290526",
  "usage": {
    "input_tokens": 22506,
    "output_tokens": 2526,
    "reasoning_tokens": 0
  }
}