{
  "model": "gpt-5",
  "duration_s": 283.675554798996,
  "timestamp": "2025-09-11T15:32:41.723303",
  "usage": {
    "input_tokens": 39232,
    "output_tokens": 12050,
    "reasoning_tokens": 0
  }
}