{
  "model": "gpt-5",
  "duration_s": 200.36453334600083,
  "timestamp": "2025-09-15T08:57:38.075839",
  "usage": {
    "input_tokens": 47241,
    "output_tokens": 11968,
    "reasoning_tokens": 0
  }
}