{
  "model": "gpt-5",
  "duration_s": 438.4403899030003,
  "timestamp": "2025-09-15T09:01:36.102084",
  "usage": {
    "input_tokens": 43604,
    "output_tokens": 20913,
    "reasoning_tokens": 0
  }
}