{
  "model": "gpt-5",
  "duration_s": 242.4303854109894,
  "timestamp": "2025-09-15T08:58:20.091238",
  "usage": {
    "input_tokens": 44898,
    "output_tokens": 12501,
    "reasoning_tokens": 0
  }
}