{
  "model": "gpt-5-mini",
  "duration_s": 49.29637495498173,
  "timestamp": "2025-09-15T09:05:11.985329",
  "usage": {
    "input_tokens": 61342,
    "output_tokens": 1579,
    "reasoning_tokens": 0
  }
}