{
  "model": "gpt-5",
  "duration_s": 166.5621517370164,
  "timestamp": "2025-09-15T09:04:22.682633",
  "usage": {
    "input_tokens": 84209,
    "output_tokens": 8466,
    "reasoning_tokens": 0
  }
}