{
  "model": "gpt-5",
  "duration_s": 2219.7919474040027,
  "timestamp": "2025-09-11T20:20:05.527668",
  "usage": {
    "input_tokens": 27144,
    "output_tokens": 17045,
    "reasoning_tokens": 0
  }
}