{
  "model": "gpt-5",
  "duration_s": 2190.5873326579967,
  "timestamp": "2025-09-11T20:19:36.276044",
  "usage": {
    "input_tokens": 26618,
    "output_tokens": 15371,
    "reasoning_tokens": 0
  }
}