{
  "model": "gpt-5",
  "duration_s": 321.99439545300265,
  "timestamp": "2025-09-11T15:38:50.635655",
  "usage": {
    "input_tokens": 26976,
    "output_tokens": 17300,
    "reasoning_tokens": 0
  }
}