{
  "model": "gpt-5",
  "duration_s": 2370.8064262379994,
  "timestamp": "2025-09-11T20:22:36.491834",
  "usage": {
    "input_tokens": 27907,
    "output_tokens": 21355,
    "reasoning_tokens": 0
  }
}