{
  "model": "gpt-5-mini",
  "duration_s": 37.14106970500143,
  "timestamp": "2025-09-11T20:28:34.053311",
  "usage": {
    "input_tokens": 32253,
    "output_tokens": 2206,
    "reasoning_tokens": 0
  }
}