{
  "model": "gpt-5",
  "duration_s": 320.3991511089989,
  "timestamp": "2025-09-11T20:27:56.903118",
  "usage": {
    "input_tokens": 51234,
    "output_tokens": 14065,
    "reasoning_tokens": 0
  }
}