{
  "model": "gpt-5",
  "duration_s": 317.92845064099674,
  "timestamp": "2025-09-11T20:38:14.304488",
  "usage": {
    "input_tokens": 13592,
    "output_tokens": 13827,
    "reasoning_tokens": 0
  }
}