{
  "model": "gpt-5",
  "duration_s": 263.7331898160046,
  "timestamp": "2025-09-11T20:37:20.104041",
  "usage": {
    "input_tokens": 12464,
    "output_tokens": 15923,
    "reasoning_tokens": 0
  }
}