{
  "model": "gpt-5",
  "duration_s": 413.06297376199655,
  "timestamp": "2025-09-11T20:39:49.395851",
  "usage": {
    "input_tokens": 12487,
    "output_tokens": 23989,
    "reasoning_tokens": 0
  }
}