{
  "model": "gpt-5",
  "duration_s": 547.3337905399967,
  "timestamp": "2025-09-11T20:42:03.664896",
  "usage": {
    "input_tokens": 12843,
    "output_tokens": 21463,
    "reasoning_tokens": 0
  }
}