{
  "model": "gpt-5",
  "duration_s": 668.0272589149972,
  "timestamp": "2025-09-11T20:44:04.354233",
  "usage": {
    "input_tokens": 13203,
    "output_tokens": 27705,
    "reasoning_tokens": 0
  }
}