{
  "model": "gpt-5-mini",
  "duration_s": 34.190029065997805,
  "timestamp": "2025-09-11T20:46:29.927083",
  "usage": {
    "input_tokens": 18012,
    "output_tokens": 1943,
    "reasoning_tokens": 0
  }
}