{
  "model": "gpt-5",
  "duration_s": 111.36316354000155,
  "timestamp": "2025-09-11T20:45:55.729061",
  "usage": {
    "input_tokens": 42178,
    "output_tokens": 4971,
    "reasoning_tokens": 0
  }
}