{
  "model": "gpt-5",
  "duration_s": 2485.3484656639994,
  "timestamp": "2025-09-18T09:45:51.169908",
  "usage": {
    "input_tokens": 5831,
    "output_tokens": 16577,
    "reasoning_tokens": 0
  }
}