{
  "model": "gpt-5",
  "duration_s": 2439.2903027029997,
  "timestamp": "2025-09-18T09:45:05.117734",
  "usage": {
    "input_tokens": 7858,
    "output_tokens": 18297,
    "reasoning_tokens": 0
  }
}