{
  "model": "gpt-5",
  "duration_s": 3026.650164229999,
  "timestamp": "2025-09-18T09:54:52.520176",
  "usage": {
    "input_tokens": 5899,
    "output_tokens": 37163,
    "reasoning_tokens": 0
  }
}