{
  "model": "gpt-5",
  "duration_s": 261.0589623959995,
  "timestamp": "2025-09-18T08:15:46.160113",
  "usage": {
    "input_tokens": 15343,
    "output_tokens": 15040,
    "reasoning_tokens": 0
  }
}