{
  "model": "gpt-5",
  "duration_s": 518.5372262230003,
  "timestamp": "2025-09-18T08:21:08.147281",
  "usage": {
    "input_tokens": 12442,
    "output_tokens": 24493,
    "reasoning_tokens": 0
  }
}