{
  "model": "gpt-5",
  "duration_s": 271.47559915700003,
  "timestamp": "2025-09-18T08:15:56.579966",
  "usage": {
    "input_tokens": 14430,
    "output_tokens": 15602,
    "reasoning_tokens": 0
  }
}