{
  "model": "gpt-5-mini",
  "duration_s": 21.676258598999993,
  "timestamp": "2025-09-18T08:25:12.603595",
  "usage": {
    "input_tokens": 52723,
    "output_tokens": 1478,
    "reasoning_tokens": 0
  }
}