{
  "model": "gpt-5",
  "duration_s": 222.76047346900032,
  "timestamp": "2025-09-18T08:24:50.919174",
  "usage": {
    "input_tokens": 40591,
    "output_tokens": 7562,
    "reasoning_tokens": 0
  }
}