{
  "model": "gpt-5",
  "duration_s": 187.7311953579774,
  "timestamp": "2025-09-15T08:35:18.831533",
  "usage": {
    "input_tokens": 28014,
    "output_tokens": 13134,
    "reasoning_tokens": 0
  }
}