{
  "model": "gpt-5",
  "duration_s": 345.2085606800101,
  "timestamp": "2025-09-15T08:37:56.311204",
  "usage": {
    "input_tokens": 26872,
    "output_tokens": 17157,
    "reasoning_tokens": 0
  }
}