{
  "model": "gpt-5",
  "duration_s": 256.7572367110115,
  "timestamp": "2025-09-15T08:36:27.906261",
  "usage": {
    "input_tokens": 28463,
    "output_tokens": 14675,
    "reasoning_tokens": 0
  }
}