{
  "model": "gpt-5-mini",
  "duration_s": 38.81757605797611,
  "timestamp": "2025-09-15T08:42:54.736782",
  "usage": {
    "input_tokens": 24158,
    "output_tokens": 1988,
    "reasoning_tokens": 0
  }
}