{
  "model": "gpt-5",
  "duration_s": 259.5952459149994,
  "timestamp": "2025-09-15T08:42:15.915779",
  "usage": {
    "input_tokens": 43995,
    "output_tokens": 16009,
    "reasoning_tokens": 0
  }
}