{
  "model": "gpt-5",
  "duration_s": 84.26782065699808,
  "timestamp": "2025-09-14T21:07:32.906457",
  "usage": {
    "input_tokens": 143285,
    "output_tokens": 5109,
    "reasoning_tokens": 0
  }
}