{
  "model": "gpt-5",
  "duration_s": 150.76735541099333,
  "timestamp": "2025-09-14T21:08:39.341976",
  "usage": {
    "input_tokens": 142563,
    "output_tokens": 7667,
    "reasoning_tokens": 0
  }
}