{
  "model": "gpt-5",
  "duration_s": 116.29904445298598,
  "timestamp": "2025-09-14T21:08:04.876504",
  "usage": {
    "input_tokens": 142442,
    "output_tokens": 4981,
    "reasoning_tokens": 0
  }
}