{
  "model": "gpt-5",
  "duration_s": 50.11564572900534,
  "timestamp": "2025-09-14T21:06:58.736457",
  "usage": {
    "input_tokens": 142455,
    "output_tokens": 3689,
    "reasoning_tokens": 0
  }
}