{
  "model": "gpt-5",
  "duration_s": 107.29102505199262,
  "timestamp": "2025-09-14T21:07:55.923983",
  "usage": {
    "input_tokens": 142846,
    "output_tokens": 5999,
    "reasoning_tokens": 0
  }
}