{
  "model": "gpt-5-mini",
  "duration_s": 28.873395480011823,
  "timestamp": "2025-09-14T21:11:08.812045",
  "usage": {
    "input_tokens": 157969,
    "output_tokens": 1558,
    "reasoning_tokens": 0
  }
}