{
  "model": "gpt-5",
  "duration_s": 120.57409797998844,
  "timestamp": "2025-09-14T21:10:39.929186",
  "usage": {
    "input_tokens": 178095,
    "output_tokens": 7156,
    "reasoning_tokens": 0
  }
}