{
  "model": "gpt-5",
  "duration_s": 104.9946286849954,
  "timestamp": "2025-09-11T15:31:37.777754",
  "usage": {
    "input_tokens": 150043,
    "output_tokens": 3495,
    "reasoning_tokens": 0
  }
}