{
  "model": "gpt-5",
  "duration_s": 177.00365497900202,
  "timestamp": "2025-09-11T15:32:49.789335",
  "usage": {
    "input_tokens": 150061,
    "output_tokens": 5248,
    "reasoning_tokens": 0
  }
}