{
  "model": "gpt-5",
  "duration_s": 134.7371679479984,
  "timestamp": "2025-09-11T15:32:07.525853",
  "usage": {
    "input_tokens": 149440,
    "output_tokens": 4460,
    "reasoning_tokens": 0
  }
}