{
  "model": "gpt-5",
  "duration_s": 81.42362917799619,
  "timestamp": "2025-09-11T15:31:14.254709",
  "usage": {
    "input_tokens": 150232,
    "output_tokens": 2878,
    "reasoning_tokens": 0
  }
}