{
  "model": "gpt-5",
  "duration_s": 126.85799189099635,
  "timestamp": "2025-09-11T15:31:59.685631",
  "usage": {
    "input_tokens": 150318,
    "output_tokens": 4641,
    "reasoning_tokens": 0
  }
}