{
  "model": "gpt-5",
  "duration_s": 58.44850258000952,
  "timestamp": "2025-09-12T11:35:36.655739",
  "usage": {
    "input_tokens": 152391,
    "output_tokens": 2462,
    "reasoning_tokens": 0
  }
}