{
  "model": "gpt-5",
  "duration_s": 101.12417942399043,
  "timestamp": "2025-09-12T11:36:19.329588",
  "usage": {
    "input_tokens": 152526,
    "output_tokens": 3234,
    "reasoning_tokens": 0
  }
}