{
  "model": "gpt-5-mini",
  "duration_s": 24.05809779000265,
  "timestamp": "2025-09-11T15:34:29.610767",
  "usage": {
    "input_tokens": 160076,
    "output_tokens": 1024,
    "reasoning_tokens": 0
  }
}