{
  "model": "gpt-5",
  "duration_s": 56.0539368979953,
  "timestamp": "2025-09-12T11:37:15.397266",
  "usage": {
    "input_tokens": 215735,
    "output_tokens": 2036,
    "reasoning_tokens": 0
  }
}