{
  "model": "gpt-5",
  "duration_s": 75.74702728899865,
  "timestamp": "2025-09-11T15:34:05.548032",
  "usage": {
    "input_tokens": 181776,
    "output_tokens": 2462,
    "reasoning_tokens": 0
  }
}