{
  "model": "gpt-5",
  "duration_s": 182.14246480798465,
  "timestamp": "2025-09-14T21:04:33.806031",
  "usage": {
    "input_tokens": 84389,
    "output_tokens": 8639,
    "reasoning_tokens": 0
  }
}