{
  "model": "gpt-5",
  "duration_s": 191.33938345499337,
  "timestamp": "2025-09-14T21:04:42.945975",
  "usage": {
    "input_tokens": 84237,
    "output_tokens": 10705,
    "reasoning_tokens": 0
  }
}