{
  "model": "gpt-5",
  "duration_s": 208.6504142349877,
  "timestamp": "2025-09-14T21:05:00.309129",
  "usage": {
    "input_tokens": 84021,
    "output_tokens": 13110,
    "reasoning_tokens": 0
  }
}