{
  "model": "gpt-5",
  "duration_s": 126.34795581299113,
  "timestamp": "2025-09-14T21:03:37.959164",
  "usage": {
    "input_tokens": 84600,
    "output_tokens": 7463,
    "reasoning_tokens": 0
  }
}