{
  "model": "gpt-5-mini",
  "duration_s": 35.561690311995335,
  "timestamp": "2025-09-14T21:09:00.657443",
  "usage": {
    "input_tokens": 85950,
    "output_tokens": 2152,
    "reasoning_tokens": 0
  }
}