{
  "model": "gpt-5",
  "duration_s": 204.76845324598253,
  "timestamp": "2025-09-14T21:08:25.086112",
  "usage": {
    "input_tokens": 98572,
    "output_tokens": 11071,
    "reasoning_tokens": 0
  }
}