{
  "model": "gpt-5",
  "duration_s": 459.5826544559968,
  "timestamp": "2025-09-14T20:57:40.148226",
  "usage": {
    "input_tokens": 27699,
    "output_tokens": 28743,
    "reasoning_tokens": 0
  }
}