{
  "model": "gpt-5",
  "duration_s": 555.4850210609729,
  "timestamp": "2025-09-14T20:59:15.987983",
  "usage": {
    "input_tokens": 27699,
    "output_tokens": 31823,
    "reasoning_tokens": 0
  }
}