{
  "model": "gpt-5-mini",
  "duration_s": 38.30307699399418,
  "timestamp": "2025-09-14T21:05:36.268724",
  "usage": {
    "input_tokens": 30292,
    "output_tokens": 2365,
    "reasoning_tokens": 0
  }
}