{
  "model": "gpt-5",
  "duration_s": 341.95620696697733,
  "timestamp": "2025-09-14T21:04:57.957708",
  "usage": {
    "input_tokens": 34241,
    "output_tokens": 20300,
    "reasoning_tokens": 0
  }
}