{
  "model": "gpt-5",
  "duration_s": 370.9604500860005,
  "timestamp": "2025-09-11T15:26:25.291669",
  "usage": {
    "input_tokens": 11815,
    "output_tokens": 16582,
    "reasoning_tokens": 0
  }
}