{
  "model": "gpt-5-mini",
  "duration_s": 30.050313245003053,
  "timestamp": "2025-09-11T15:31:40.199802",
  "usage": {
    "input_tokens": 15361,
    "output_tokens": 1776,
    "reasoning_tokens": 0
  }
}