{
  "model": "gpt-5",
  "duration_s": 284.8468828469995,
  "timestamp": "2025-09-11T15:31:10.146563",
  "usage": {
    "input_tokens": 18528,
    "output_tokens": 9418,
    "reasoning_tokens": 0
  }
}