{
  "model": "gpt-5",
  "duration_s": 376.3585706159938,
  "timestamp": "2025-09-12T13:59:03.851439",
  "usage": {
    "input_tokens": 9612,
    "output_tokens": 20068,
    "reasoning_tokens": 0
  }
}