{
  "model": "gpt-5",
  "duration_s": 506.7141192470008,
  "timestamp": "2025-09-12T14:01:14.773335",
  "usage": {
    "input_tokens": 9612,
    "output_tokens": 25007,
    "reasoning_tokens": 0
  }
}