{
  "model": "gpt-5",
  "duration_s": 491.1993456679993,
  "timestamp": "2025-09-11T15:14:47.940349",
  "usage": {
    "input_tokens": 9919,
    "output_tokens": 18985,
    "reasoning_tokens": 0
  }
}