{
  "model": "gpt-5",
  "duration_s": 558.1241524650031,
  "timestamp": "2025-09-11T15:14:39.102839",
  "usage": {
    "input_tokens": 1372,
    "output_tokens": 24472,
    "reasoning_tokens": 0
  }
}