{
  "model": "gpt-5",
  "duration_s": 450.79884012800176,
  "timestamp": "2025-09-12T14:00:18.808664",
  "usage": {
    "input_tokens": 9612,
    "output_tokens": 20052,
    "reasoning_tokens": 0
  }
}