{
  "model": "gpt-5",
  "duration_s": 430.90296813200257,
  "timestamp": "2025-09-11T15:13:47.643059",
  "usage": {
    "input_tokens": 9919,
    "output_tokens": 18414,
    "reasoning_tokens": 0
  }
}