{
  "model": "gpt-5",
  "duration_s": 432.33619692100183,
  "timestamp": "2025-09-11T15:13:49.077826",
  "usage": {
    "input_tokens": 9919,
    "output_tokens": 17322,
    "reasoning_tokens": 0
  }
}