{
  "model": "gpt-5-mini",
  "duration_s": 32.66725446000055,
  "timestamp": "2025-09-11T15:20:11.934181",
  "usage": {
    "input_tokens": 13905,
    "output_tokens": 2341,
    "reasoning_tokens": 0
  }
}