{
  "model": "gpt-5-mini",
  "duration_s": 23.749522462996538,
  "timestamp": "2025-09-12T14:05:51.980467",
  "usage": {
    "input_tokens": 12615,
    "output_tokens": 1389,
    "reasoning_tokens": 0
  }
}