{
  "model": "gpt-5",
  "duration_s": 253.44293543399544,
  "timestamp": "2025-09-12T14:05:28.222469",
  "usage": {
    "input_tokens": 21143,
    "output_tokens": 11391,
    "reasoning_tokens": 0
  }
}