{
  "model": "gpt-5",
  "duration_s": 300.1462382480022,
  "timestamp": "2025-09-11T15:19:39.256969",
  "usage": {
    "input_tokens": 16396,
    "output_tokens": 12729,
    "reasoning_tokens": 0
  }
}