{
  "model": "gpt-5",
  "duration_s": 2087.243206555002,
  "timestamp": "2025-09-11T20:17:39.595343",
  "usage": {
    "input_tokens": 25902,
    "output_tokens": 12311,
    "reasoning_tokens": 0
  }
}