{
  "model": "gpt-5",
  "duration_s": 2095.0847448740024,
  "timestamp": "2025-09-11T20:17:47.434828",
  "usage": {
    "input_tokens": 25630,
    "output_tokens": 14498,
    "reasoning_tokens": 0
  }
}