{
  "model": "gpt-5",
  "duration_s": 2443.4747531149987,
  "timestamp": "2025-09-11T20:23:35.828127",
  "usage": {
    "input_tokens": 26622,
    "output_tokens": 29385,
    "reasoning_tokens": 0
  }
}