{
  "model": "gpt-5",
  "duration_s": 2067.0325895720016,
  "timestamp": "2025-09-11T20:17:19.431372",
  "usage": {
    "input_tokens": 25752,
    "output_tokens": 13854,
    "reasoning_tokens": 0
  }
}