{
  "model": "gpt-5-mini",
  "duration_s": 29.495189280998602,
  "timestamp": "2025-09-11T20:27:33.432917",
  "usage": {
    "input_tokens": 38510,
    "output_tokens": 1753,
    "reasoning_tokens": 0
  }
}