{
  "model": "gpt-5",
  "duration_s": 208.091224556003,
  "timestamp": "2025-09-11T20:27:03.930092",
  "usage": {
    "input_tokens": 61509,
    "output_tokens": 11301,
    "reasoning_tokens": 0
  }
}