{
  "model": "gpt-5",
  "duration_s": 67.00493431200448,
  "timestamp": "2025-09-11T15:26:29.107731",
  "usage": {
    "input_tokens": 98843,
    "output_tokens": 3356,
    "reasoning_tokens": 0
  }
}