{
  "model": "gpt-5",
  "duration_s": 71.15866088400071,
  "timestamp": "2025-09-12T11:32:01.483200",
  "usage": {
    "input_tokens": 99245,
    "output_tokens": 3791,
    "reasoning_tokens": 0
  }
}