{
  "model": "gpt-5",
  "duration_s": 84.1371968819949,
  "timestamp": "2025-09-11T15:26:46.138862",
  "usage": {
    "input_tokens": 98974,
    "output_tokens": 2988,
    "reasoning_tokens": 0
  }
}