{
  "model": "gpt-5",
  "duration_s": 84.88580213299429,
  "timestamp": "2025-09-11T15:26:46.890012",
  "usage": {
    "input_tokens": 98656,
    "output_tokens": 3817,
    "reasoning_tokens": 0
  }
}