{
  "model": "gpt-5",
  "duration_s": 81.40368583499367,
  "timestamp": "2025-09-11T15:26:43.462198",
  "usage": {
    "input_tokens": 98771,
    "output_tokens": 3337,
    "reasoning_tokens": 0
  }
}