{
  "model": "gpt-5",
  "duration_s": 74.48749063799914,
  "timestamp": "2025-09-12T11:32:04.862384",
  "usage": {
    "input_tokens": 99496,
    "output_tokens": 2971,
    "reasoning_tokens": 0
  }
}