{
  "model": "gpt-5",
  "duration_s": 61.86177945500094,
  "timestamp": "2025-09-11T15:26:23.915893",
  "usage": {
    "input_tokens": 99399,
    "output_tokens": 2797,
    "reasoning_tokens": 0
  }
}