{
  "model": "gpt-5-mini",
  "duration_s": 27.98480265300168,
  "timestamp": "2025-09-11T15:29:52.767717",
  "usage": {
    "input_tokens": 105705,
    "output_tokens": 1526,
    "reasoning_tokens": 0
  }
}