{
  "model": "gpt-5-mini",
  "duration_s": 44.79236179801228,
  "timestamp": "2025-09-12T11:34:38.192301",
  "usage": {
    "input_tokens": 105301,
    "output_tokens": 1393,
    "reasoning_tokens": 0
  }
}