{
  "model": "gpt-5",
  "duration_s": 108.5235700810008,
  "timestamp": "2025-09-12T11:33:53.395710",
  "usage": {
    "input_tokens": 109501,
    "output_tokens": 4432,
    "reasoning_tokens": 0
  }
}