{
  "model": "gpt-5",
  "duration_s": 157.87444906599558,
  "timestamp": "2025-09-11T15:29:24.775872",
  "usage": {
    "input_tokens": 120302,
    "output_tokens": 5266,
    "reasoning_tokens": 0
  }
}