{
  "model": "gpt-5",
  "duration_s": 271.0781365110015,
  "timestamp": "2025-09-11T15:09:31.769392",
  "usage": {
    "input_tokens": 46117,
    "output_tokens": 12284,
    "reasoning_tokens": 0
  }
}