{
  "model": "gpt-5",
  "duration_s": 475.9056156950028,
  "timestamp": "2025-09-11T15:12:56.601711",
  "usage": {
    "input_tokens": 46117,
    "output_tokens": 20127,
    "reasoning_tokens": 0
  }
}