{
  "model": "gpt-5",
  "duration_s": 231.6016066450029,
  "timestamp": "2025-09-11T15:08:52.246107",
  "usage": {
    "input_tokens": 46117,
    "output_tokens": 10613,
    "reasoning_tokens": 0
  }
}