{
  "model": "gpt-5",
  "duration_s": 263.5254042969973,
  "timestamp": "2025-09-11T15:09:24.164984",
  "usage": {
    "input_tokens": 46117,
    "output_tokens": 13055,
    "reasoning_tokens": 0
  }
}