{
  "model": "gpt-5-mini",
  "duration_s": 43.99335964600323,
  "timestamp": "2025-09-11T15:18:21.978010",
  "usage": {
    "input_tokens": 49639,
    "output_tokens": 2476,
    "reasoning_tokens": 0
  }
}