{
  "model": "gpt-5",
  "duration_s": 281.3484398540022,
  "timestamp": "2025-09-11T15:17:37.971626",
  "usage": {
    "input_tokens": 57543,
    "output_tokens": 10773,
    "reasoning_tokens": 0
  }
}