{
  "model": "gpt-5",
  "duration_s": 352.3461469099857,
  "timestamp": "2025-09-15T08:00:10.723921",
  "usage": {
    "input_tokens": 10415,
    "output_tokens": 19723,
    "reasoning_tokens": 0
  }
}