{
  "model": "gpt-5",
  "duration_s": 179.56824385700747,
  "timestamp": "2025-09-15T07:57:17.944872",
  "usage": {
    "input_tokens": 10944,
    "output_tokens": 15739,
    "reasoning_tokens": 0
  }
}