{
  "model": "gpt-5",
  "duration_s": 663.9913898639788,
  "timestamp": "2025-09-15T08:05:22.432659",
  "usage": {
    "input_tokens": 9466,
    "output_tokens": 34157,
    "reasoning_tokens": 0
  }
}