{
  "model": "gpt-5-mini",
  "duration_s": 32.07431157300016,
  "timestamp": "2025-09-15T08:13:23.301803",
  "usage": {
    "input_tokens": 6511,
    "output_tokens": 2415,
    "reasoning_tokens": 0
  }
}