{
  "model": "gpt-5",
  "duration_s": 448.7767373029783,
  "timestamp": "2025-09-15T08:12:51.220741",
  "usage": {
    "input_tokens": 12123,
    "output_tokens": 21658,
    "reasoning_tokens": 0
  }
}