{
  "model": "gpt-5",
  "duration_s": 859.3053507969889,
  "timestamp": "2025-09-15T08:27:42.618438",
  "usage": {
    "input_tokens": 17734,
    "output_tokens": 30163,
    "reasoning_tokens": 0
  }
}