{
  "model": "gpt-5",
  "duration_s": 969.1785833530012,
  "timestamp": "2025-09-15T08:29:32.549320",
  "usage": {
    "input_tokens": 19015,
    "output_tokens": 13339,
    "reasoning_tokens": 0
  }
}