{
  "model": "gpt-5",
  "duration_s": 277.11217978800414,
  "timestamp": "2025-09-15T08:18:00.477798",
  "usage": {
    "input_tokens": 19674,
    "output_tokens": 14069,
    "reasoning_tokens": 0
  }
}