{
  "model": "gpt-5-mini",
  "duration_s": 29.510015502019087,
  "timestamp": "2025-09-15T08:32:11.087600",
  "usage": {
    "input_tokens": 14810,
    "output_tokens": 1885,
    "reasoning_tokens": 0
  }
}