{
  "model": "gpt-5",
  "duration_s": 129.01281624400872,
  "timestamp": "2025-09-15T08:31:41.571425",
  "usage": {
    "input_tokens": 28118,
    "output_tokens": 6762,
    "reasoning_tokens": 0
  }
}