{
  "model": "gpt-5",
  "duration_s": 199.9328659029852,
  "timestamp": "2025-09-14T21:23:21.638377",
  "usage": {
    "input_tokens": 12597,
    "output_tokens": 14603,
    "reasoning_tokens": 0
  }
}