{
  "model": "gpt-5",
  "duration_s": 437.43352309800684,
  "timestamp": "2025-09-14T21:27:19.085898",
  "usage": {
    "input_tokens": 12761,
    "output_tokens": 27759,
    "reasoning_tokens": 0
  }
}