{
  "model": "gpt-5-mini",
  "duration_s": 27.328327871015063,
  "timestamp": "2025-09-14T21:33:28.256118",
  "usage": {
    "input_tokens": 17269,
    "output_tokens": 1719,
    "reasoning_tokens": 0
  }
}