{
  "model": "gpt-5",
  "duration_s": 341.8235558399756,
  "timestamp": "2025-09-14T21:33:00.919067",
  "usage": {
    "input_tokens": 29025,
    "output_tokens": 21259,
    "reasoning_tokens": 0
  }
}