{
  "model": "gpt-5",
  "duration_s": 149.83947895199526,
  "timestamp": "2025-09-15T08:56:14.329100",
  "usage": {
    "input_tokens": 49929,
    "output_tokens": 8590,
    "reasoning_tokens": 0
  }
}