{
  "model": "gpt-5",
  "duration_s": 217.3904291279905,
  "timestamp": "2025-09-15T08:57:21.931795",
  "usage": {
    "input_tokens": 46101,
    "output_tokens": 11522,
    "reasoning_tokens": 0
  }
}