{
  "model": "gpt-5",
  "duration_s": 167.54688974499004,
  "timestamp": "2025-09-15T08:56:32.092894",
  "usage": {
    "input_tokens": 48571,
    "output_tokens": 10031,
    "reasoning_tokens": 0
  }
}