{
  "model": "gpt-5-mini",
  "duration_s": 46.07366812299006,
  "timestamp": "2025-09-15T08:59:26.570833",
  "usage": {
    "input_tokens": 48418,
    "output_tokens": 2094,
    "reasoning_tokens": 0
  }
}