{
  "model": "gpt-5",
  "duration_s": 78.55427509100991,
  "timestamp": "2025-09-15T08:58:40.491397",
  "usage": {
    "input_tokens": 75941,
    "output_tokens": 4049,
    "reasoning_tokens": 0
  }
}