{
  "model": "gpt-5",
  "duration_s": 119.1648168899992,
  "timestamp": "2025-09-12T14:15:46.073024",
  "usage": {
    "input_tokens": 36522,
    "output_tokens": 6682,
    "reasoning_tokens": 0
  }
}