{
  "model": "gpt-5",
  "duration_s": 362.4661652740033,
  "timestamp": "2025-09-12T14:19:49.321163",
  "usage": {
    "input_tokens": 35693,
    "output_tokens": 19986,
    "reasoning_tokens": 0
  }
}