{
  "model": "gpt-5",
  "duration_s": 141.1417885510018,
  "timestamp": "2025-09-12T14:16:07.998110",
  "usage": {
    "input_tokens": 36247,
    "output_tokens": 7717,
    "reasoning_tokens": 0
  }
}