{
  "model": "gpt-5",
  "duration_s": 134.73462120599288,
  "timestamp": "2025-09-12T14:16:01.641398",
  "usage": {
    "input_tokens": 36796,
    "output_tokens": 7517,
    "reasoning_tokens": 0
  }
}