{
  "model": "gpt-5-mini",
  "duration_s": 17.675762825005222,
  "timestamp": "2025-09-12T14:20:38.101636",
  "usage": {
    "input_tokens": 54844,
    "output_tokens": 1101,
    "reasoning_tokens": 0
  }
}