{
  "model": "gpt-5",
  "duration_s": 31.09036188099708,
  "timestamp": "2025-09-12T14:20:20.419786",
  "usage": {
    "input_tokens": 86618,
    "output_tokens": 1780,
    "reasoning_tokens": 0
  }
}