{
  "model": "gpt-5",
  "duration_s": 387.6864123289997,
  "timestamp": "2025-09-14T21:26:15.414754",
  "usage": {
    "input_tokens": 5643,
    "output_tokens": 26475,
    "reasoning_tokens": 0
  }
}