{
  "model": "gpt-5",
  "duration_s": 450.2849974530109,
  "timestamp": "2025-09-14T21:27:17.963585",
  "usage": {
    "input_tokens": 5482,
    "output_tokens": 29415,
    "reasoning_tokens": 0
  }
}