{
  "model": "gpt-5",
  "duration_s": 501.1329608670203,
  "timestamp": "2025-09-14T21:28:08.814567",
  "usage": {
    "input_tokens": 4937,
    "output_tokens": 29005,
    "reasoning_tokens": 0
  }
}