{
  "model": "gpt-5",
  "duration_s": 498.56491130500217,
  "timestamp": "2025-09-14T21:28:06.298722",
  "usage": {
    "input_tokens": 5110,
    "output_tokens": 26760,
    "reasoning_tokens": 0
  }
}