{
  "model": "gpt-5-mini",
  "duration_s": 36.07123611000134,
  "timestamp": "2025-09-14T21:33:10.566875",
  "usage": {
    "input_tokens": 9689,
    "output_tokens": 2348,
    "reasoning_tokens": 0
  }
}