{
  "model": "gpt-5",
  "duration_s": 265.66263931500725,
  "timestamp": "2025-09-14T21:32:34.487893",
  "usage": {
    "input_tokens": 22521,
    "output_tokens": 15438,
    "reasoning_tokens": 0
  }
}