{
  "model": "gpt-5",
  "duration_s": 280.6823889580264,
  "timestamp": "2025-09-14T21:24:32.248991",
  "usage": {
    "input_tokens": 14590,
    "output_tokens": 14904,
    "reasoning_tokens": 0
  }
}