{
  "model": "gpt-5",
  "duration_s": 198.1973152779974,
  "timestamp": "2025-09-14T21:23:09.716707",
  "usage": {
    "input_tokens": 18988,
    "output_tokens": 11004,
    "reasoning_tokens": 0
  }
}