{
  "model": "gpt-5",
  "duration_s": 224.80600302599487,
  "timestamp": "2025-09-14T21:23:36.329053",
  "usage": {
    "input_tokens": 17875,
    "output_tokens": 13174,
    "reasoning_tokens": 0
  }
}