{
  "model": "gpt-5-mini",
  "duration_s": 32.19688203401165,
  "timestamp": "2025-09-14T21:28:07.406396",
  "usage": {
    "input_tokens": 27463,
    "output_tokens": 2090,
    "reasoning_tokens": 0
  }
}