{
  "model": "gpt-5",
  "duration_s": 182.9429233490082,
  "timestamp": "2025-09-14T21:27:35.202132",
  "usage": {
    "input_tokens": 46473,
    "output_tokens": 8140,
    "reasoning_tokens": 0
  }
}