{
  "model": "gpt-5",
  "duration_s": 2208.027190883993,
  "timestamp": "2025-09-11T20:19:33.326843",
  "usage": {
    "input_tokens": 4125,
    "output_tokens": 19131,
    "reasoning_tokens": 0
  }
}