{
  "model": "gpt-5",
  "duration_s": 2502.7552316899964,
  "timestamp": "2025-09-11T20:24:28.105093",
  "usage": {
    "input_tokens": 4125,
    "output_tokens": 31067,
    "reasoning_tokens": 0
  }
}