{
  "model": "gpt-5",
  "duration_s": 2499.5493252079978,
  "timestamp": "2025-09-11T20:24:24.849627",
  "usage": {
    "input_tokens": 4125,
    "output_tokens": 31588,
    "reasoning_tokens": 0
  }
}