{
  "model": "gpt-5",
  "duration_s": 2177.969878253003,
  "timestamp": "2025-09-11T20:19:03.396547",
  "usage": {
    "input_tokens": 4125,
    "output_tokens": 17423,
    "reasoning_tokens": 0
  }
}