{
  "model": "gpt-5",
  "duration_s": 2587.037617176,
  "timestamp": "2025-09-11T20:25:52.337446",
  "usage": {
    "input_tokens": 4125,
    "output_tokens": 33207,
    "reasoning_tokens": 0
  }
}