{
  "model": "gpt-5-mini",
  "duration_s": 36.153666776001046,
  "timestamp": "2025-09-11T20:32:55.442947",
  "usage": {
    "input_tokens": 8239,
    "output_tokens": 2655,
    "reasoning_tokens": 0
  }
}