{
  "model": "gpt-5",
  "duration_s": 386.9323403449962,
  "timestamp": "2025-09-11T20:32:19.280843",
  "usage": {
    "input_tokens": 16836,
    "output_tokens": 17476,
    "reasoning_tokens": 0
  }
}