{
  "model": "gpt-5",
  "duration_s": 196.63312589500129,
  "timestamp": "2025-09-11T20:32:54.948289",
  "usage": {
    "input_tokens": 20891,
    "output_tokens": 9532,
    "reasoning_tokens": 0
  }
}