{
  "model": "gpt-5",
  "duration_s": 146.53196464900248,
  "timestamp": "2025-09-11T20:32:04.896579",
  "usage": {
    "input_tokens": 18940,
    "output_tokens": 5884,
    "reasoning_tokens": 0
  }
}