{
  "model": "gpt-5",
  "duration_s": 138.26442315600434,
  "timestamp": "2025-09-11T20:31:56.572769",
  "usage": {
    "input_tokens": 20041,
    "output_tokens": 9801,
    "reasoning_tokens": 0
  }
}