{
  "model": "gpt-5",
  "duration_s": 326.31354094100243,
  "timestamp": "2025-09-11T20:35:04.674041",
  "usage": {
    "input_tokens": 19547,
    "output_tokens": 13515,
    "reasoning_tokens": 0
  }
}