{
  "model": "gpt-5-mini",
  "duration_s": 20.15181991400459,
  "timestamp": "2025-09-11T20:37:33.641130",
  "usage": {
    "input_tokens": 29049,
    "output_tokens": 1291,
    "reasoning_tokens": 0
  }
}