{
  "model": "gpt-5",
  "duration_s": 127.93064887500077,
  "timestamp": "2025-09-11T20:37:13.482169",
  "usage": {
    "input_tokens": 51812,
    "output_tokens": 5567,
    "reasoning_tokens": 0
  }
}