{
  "model": "gpt-5",
  "duration_s": 167.89841106900712,
  "timestamp": "2025-09-14T06:23:34.315821",
  "usage": {
    "input_tokens": 30378,
    "output_tokens": 6346,
    "reasoning_tokens": 0
  }
}