{
  "model": "gpt-5",
  "duration_s": 394.9292038459971,
  "timestamp": "2025-09-11T21:01:02.620388",
  "usage": {
    "input_tokens": 30947,
    "output_tokens": 13934,
    "reasoning_tokens": 0
  }
}