{
  "model": "gpt-5",
  "duration_s": 504.585380014003,
  "timestamp": "2025-09-11T21:02:52.233053",
  "usage": {
    "input_tokens": 30621,
    "output_tokens": 17696,
    "reasoning_tokens": 0
  }
}