{
  "model": "gpt-5",
  "duration_s": 463.76478427400434,
  "timestamp": "2025-09-11T21:02:11.462987",
  "usage": {
    "input_tokens": 31009,
    "output_tokens": 18008,
    "reasoning_tokens": 0
  }
}