{
  "model": "gpt-5",
  "duration_s": 718.9385964780013,
  "timestamp": "2025-09-11T21:06:26.583524",
  "usage": {
    "input_tokens": 30604,
    "output_tokens": 11714,
    "reasoning_tokens": 0
  }
}