{
  "model": "gpt-5-mini",
  "duration_s": 30.17643284099904,
  "timestamp": "2025-09-11T21:08:36.728241",
  "usage": {
    "input_tokens": 41191,
    "output_tokens": 1776,
    "reasoning_tokens": 0
  }
}