{
  "model": "gpt-5",
  "duration_s": 99.94922424399556,
  "timestamp": "2025-09-11T21:08:06.544045",
  "usage": {
    "input_tokens": 65187,
    "output_tokens": 4920,
    "reasoning_tokens": 0
  }
}