{
  "model": "gpt-5",
  "duration_s": 399.24277766900195,
  "timestamp": "2025-09-13T07:01:57.977084",
  "usage": {
    "input_tokens": 15412,
    "output_tokens": 26264,
    "reasoning_tokens": 0
  }
}