{
  "model": "gpt-5",
  "duration_s": 113.77145802098676,
  "timestamp": "2025-09-13T06:57:12.452518",
  "usage": {
    "input_tokens": 15453,
    "output_tokens": 12682,
    "reasoning_tokens": 0
  }
}