{
  "model": "gpt-5",
  "duration_s": 1087.5210259839996,
  "timestamp": "2025-09-18T08:08:07.621191",
  "usage": {
    "input_tokens": 1337,
    "output_tokens": 47003,
    "reasoning_tokens": 0
  }
}