{
  "model": "gpt-5",
  "duration_s": 545.1354426969997,
  "timestamp": "2025-09-18T07:59:05.287998",
  "usage": {
    "input_tokens": 1383,
    "output_tokens": 22890,
    "reasoning_tokens": 0
  }
}