{
  "model": "gpt-5",
  "duration_s": 805.258908322,
  "timestamp": "2025-09-18T08:03:25.359248",
  "usage": {
    "input_tokens": 1337,
    "output_tokens": 34399,
    "reasoning_tokens": 0
  }
}