{
  "model": "gpt-5-mini",
  "duration_s": 43.87188473199967,
  "timestamp": "2025-09-18T08:24:24.782583",
  "usage": {
    "input_tokens": 4400,
    "output_tokens": 2676,
    "reasoning_tokens": 0
  }
}