{
  "model": "gpt-5",
  "duration_s": 933.2764234180004,
  "timestamp": "2025-09-18T08:23:40.903802",
  "usage": {
    "input_tokens": 8058,
    "output_tokens": 47746,
    "reasoning_tokens": 0
  }
}