{
  "model": "gpt-5",
  "duration_s": 223.98645330300496,
  "timestamp": "2025-09-11T20:47:25.117582",
  "usage": {
    "input_tokens": 22412,
    "output_tokens": 7459,
    "reasoning_tokens": 0
  }
}