{
  "model": "gpt-5",
  "duration_s": 296.6944415300022,
  "timestamp": "2025-09-11T20:48:37.782291",
  "usage": {
    "input_tokens": 22422,
    "output_tokens": 12334,
    "reasoning_tokens": 0
  }
}