{
  "model": "gpt-5",
  "duration_s": 383.93087363700033,
  "timestamp": "2025-09-11T20:50:05.112081",
  "usage": {
    "input_tokens": 22187,
    "output_tokens": 13205,
    "reasoning_tokens": 0
  }
}