{
  "model": "gpt-5",
  "duration_s": 272.4150581740032,
  "timestamp": "2025-09-11T20:48:13.498909",
  "usage": {
    "input_tokens": 22641,
    "output_tokens": 11989,
    "reasoning_tokens": 0
  }
}