{
  "model": "gpt-5-mini",
  "duration_s": 16.861385702002735,
  "timestamp": "2025-09-11T20:54:27.630448",
  "usage": {
    "input_tokens": 31100,
    "output_tokens": 1074,
    "reasoning_tokens": 0
  }
}