{
  "model": "gpt-5",
  "duration_s": 245.63653114400222,
  "timestamp": "2025-09-11T20:54:10.759890",
  "usage": {
    "input_tokens": 50706,
    "output_tokens": 10487,
    "reasoning_tokens": 0
  }
}