{
  "model": "gpt-5",
  "duration_s": 136.1420658940042,
  "timestamp": "2025-09-11T15:33:44.792448",
  "usage": {
    "input_tokens": 49231,
    "output_tokens": 5880,
    "reasoning_tokens": 0
  }
}