{
  "model": "gpt-5",
  "duration_s": 146.88510569700156,
  "timestamp": "2025-09-11T15:33:10.133924",
  "usage": {
    "input_tokens": 51151,
    "output_tokens": 4291,
    "reasoning_tokens": 0
  }
}