{
  "model": "gpt-5",
  "duration_s": 102.62603302799835,
  "timestamp": "2025-09-11T15:33:11.222581",
  "usage": {
    "input_tokens": 50050,
    "output_tokens": 3379,
    "reasoning_tokens": 0
  }
}