{
  "model": "gpt-5",
  "duration_s": 111.99753279500146,
  "timestamp": "2025-09-11T15:33:20.644016",
  "usage": {
    "input_tokens": 41254,
    "output_tokens": 4098,
    "reasoning_tokens": 0
  }
}