{
  "model": "gpt-5-mini",
  "duration_s": 22.959082629997283,
  "timestamp": "2025-09-11T15:36:10.900227",
  "usage": {
    "input_tokens": 65569,
    "output_tokens": 1368,
    "reasoning_tokens": 0
  }
}