{
  "model": "gpt-5",
  "duration_s": 123.13522011100576,
  "timestamp": "2025-09-11T15:35:47.936699",
  "usage": {
    "input_tokens": 71868,
    "output_tokens": 5266,
    "reasoning_tokens": 0
  }
}