{
  "model": "gpt-5",
  "duration_s": 347.5330942410001,
  "timestamp": "2025-09-11T14:54:24.235606",
  "usage": {
    "input_tokens": 93699,
    "output_tokens": 11910,
    "reasoning_tokens": 0
  }
}