{
  "model": "gpt-5",
  "duration_s": 473.8354759700014,
  "timestamp": "2025-09-11T14:56:30.585926",
  "usage": {
    "input_tokens": 94065,
    "output_tokens": 15673,
    "reasoning_tokens": 0
  }
}