{
  "model": "gpt-5",
  "duration_s": 257.5090963399998,
  "timestamp": "2025-09-11T14:52:54.209641",
  "usage": {
    "input_tokens": 93799,
    "output_tokens": 11666,
    "reasoning_tokens": 0
  }
}