{
  "model": "gpt-5-mini",
  "duration_s": 18.145754822995514,
  "timestamp": "2025-09-11T14:58:58.687153",
  "usage": {
    "input_tokens": 98027,
    "output_tokens": 1210,
    "reasoning_tokens": 0
  }
}