{
  "model": "gpt-5",
  "duration_s": 129.9220660170031,
  "timestamp": "2025-09-11T14:58:40.517110",
  "usage": {
    "input_tokens": 115514,
    "output_tokens": 5059,
    "reasoning_tokens": 0
  }
}