{
  "model": "gpt-5",
  "duration_s": 156.15440260898322,
  "timestamp": "2025-09-26T10:15:18.836489",
  "usage": {
    "input_tokens": 472,
    "output_tokens": 15561,
    "reasoning_tokens": 0
  }
}