{
  "model": "gpt-5",
  "duration_s": 507.53162446399983,
  "timestamp": "2025-09-18T08:01:44.260239",
  "usage": {
    "input_tokens": 7245,
    "output_tokens": 17429,
    "reasoning_tokens": 0
  }
}