{
  "model": "gpt-5",
  "duration_s": 523.6111608300002,
  "timestamp": "2025-09-18T08:02:00.286971",
  "usage": {
    "input_tokens": 6335,
    "output_tokens": 19205,
    "reasoning_tokens": 0
  }
}