{
  "model": "gpt-5",
  "duration_s": 312.92019556700006,
  "timestamp": "2025-09-18T07:58:29.651539",
  "usage": {
    "input_tokens": 6533,
    "output_tokens": 11293,
    "reasoning_tokens": 0
  }
}