{
  "model": "gpt-5-mini",
  "duration_s": 21.198463247999825,
  "timestamp": "2025-09-18T08:07:33.902836",
  "usage": {
    "input_tokens": 7433,
    "output_tokens": 1665,
    "reasoning_tokens": 0
  }
}