{
  "model": "gpt-5",
  "duration_s": 312.39733647199955,
  "timestamp": "2025-09-18T08:07:12.693355",
  "usage": {
    "input_tokens": 19698,
    "output_tokens": 11669,
    "reasoning_tokens": 0
  }
}