{
  "model": "gpt-5",
  "duration_s": 298.76238726099837,
  "timestamp": "2025-09-14T21:13:17.409558",
  "usage": {
    "input_tokens": 6365,
    "output_tokens": 22374,
    "reasoning_tokens": 0
  }
}