{
  "model": "gpt-5",
  "duration_s": 504.14392787899124,
  "timestamp": "2025-09-14T21:16:42.850979",
  "usage": {
    "input_tokens": 6283,
    "output_tokens": 29780,
    "reasoning_tokens": 0
  }
}