{
  "model": "gpt-5-mini",
  "duration_s": 34.67390866801725,
  "timestamp": "2025-09-14T21:20:01.641443",
  "usage": {
    "input_tokens": 9379,
    "output_tokens": 2297,
    "reasoning_tokens": 0
  }
}