{
  "model": "gpt-5",
  "duration_s": 164.08960380600183,
  "timestamp": "2025-09-14T21:19:26.957770",
  "usage": {
    "input_tokens": 18928,
    "output_tokens": 12201,
    "reasoning_tokens": 0
  }
}