{
  "model": "gpt-5",
  "duration_s": 459.3643851050001,
  "timestamp": "2025-09-11T20:26:55.031916",
  "usage": {
    "input_tokens": 7926,
    "output_tokens": 18904,
    "reasoning_tokens": 0
  }
}