{
  "model": "gpt-5",
  "duration_s": 306.78146891600045,
  "timestamp": "2025-09-11T20:24:22.351352",
  "usage": {
    "input_tokens": 8145,
    "output_tokens": 11968,
    "reasoning_tokens": 0
  }
}