{
  "model": "gpt-5",
  "duration_s": 455.688184781,
  "timestamp": "2025-09-11T20:26:51.256835",
  "usage": {
    "input_tokens": 8395,
    "output_tokens": 21071,
    "reasoning_tokens": 0
  }
}