{
  "model": "gpt-5",
  "duration_s": 514.3137815640002,
  "timestamp": "2025-09-11T20:27:49.931323",
  "usage": {
    "input_tokens": 8270,
    "output_tokens": 22852,
    "reasoning_tokens": 0
  }
}