{
  "model": "gpt-5-mini",
  "duration_s": 32.983542893998674,
  "timestamp": "2025-09-11T20:32:59.907938",
  "usage": {
    "input_tokens": 12769,
    "output_tokens": 2300,
    "reasoning_tokens": 0
  }
}