{
  "model": "gpt-5",
  "duration_s": 276.9745200990001,
  "timestamp": "2025-09-11T20:32:26.915337",
  "usage": {
    "input_tokens": 22337,
    "output_tokens": 14386,
    "reasoning_tokens": 0
  }
}