{
  "model": "gpt-5",
  "duration_s": 295.5170445989934,
  "timestamp": "2025-09-14T21:10:31.800727",
  "usage": {
    "input_tokens": 59863,
    "output_tokens": 18885,
    "reasoning_tokens": 0
  }
}