{
  "model": "gpt-5",
  "duration_s": 321.5293631719833,
  "timestamp": "2025-09-14T21:10:57.807620",
  "usage": {
    "input_tokens": 60051,
    "output_tokens": 22213,
    "reasoning_tokens": 0
  }
}