{
  "model": "gpt-5-mini",
  "duration_s": 37.587253022007644,
  "timestamp": "2025-09-14T21:15:10.603837",
  "usage": {
    "input_tokens": 62848,
    "output_tokens": 2115,
    "reasoning_tokens": 0
  }
}