{
  "model": "gpt-5",
  "duration_s": 215.18973566999193,
  "timestamp": "2025-09-14T21:14:33.008463",
  "usage": {
    "input_tokens": 70573,
    "output_tokens": 11545,
    "reasoning_tokens": 0
  }
}