{
  "model": "gpt-5",
  "duration_s": 324.1764647480013,
  "timestamp": "2025-09-11T20:26:57.633427",
  "usage": {
    "input_tokens": 12834,
    "output_tokens": 11920,
    "reasoning_tokens": 0
  }
}