{
  "model": "gpt-5",
  "duration_s": 260.63054954799736,
  "timestamp": "2025-09-11T20:25:54.037541",
  "usage": {
    "input_tokens": 13537,
    "output_tokens": 13392,
    "reasoning_tokens": 0
  }
}