{
  "model": "gpt-5",
  "duration_s": 145.40757742699498,
  "timestamp": "2025-09-11T20:23:58.874087",
  "usage": {
    "input_tokens": 13928,
    "output_tokens": 10167,
    "reasoning_tokens": 0
  }
}