{
  "model": "gpt-5",
  "duration_s": 266.0151260710045,
  "timestamp": "2025-09-11T20:25:59.425224",
  "usage": {
    "input_tokens": 12067,
    "output_tokens": 11311,
    "reasoning_tokens": 0
  }
}