{
  "model": "gpt-5-mini",
  "duration_s": 16.607021595002152,
  "timestamp": "2025-09-11T20:29:38.294515",
  "usage": {
    "input_tokens": 19273,
    "output_tokens": 1062,
    "reasoning_tokens": 0
  }
}