{
  "model": "gpt-5",
  "duration_s": 144.03461791299924,
  "timestamp": "2025-09-11T20:29:21.678542",
  "usage": {
    "input_tokens": 38598,
    "output_tokens": 6536,
    "reasoning_tokens": 0
  }
}