{
  "model": "gpt-5",
  "duration_s": 647.3846523710235,
  "timestamp": "2025-09-14T21:00:39.155960",
  "usage": {
    "input_tokens": 977,
    "output_tokens": 39961,
    "reasoning_tokens": 0
  }
}