{
  "model": "gpt-5",
  "duration_s": 660.5462388360174,
  "timestamp": "2025-09-14T21:00:52.377729",
  "usage": {
    "input_tokens": 977,
    "output_tokens": 43051,
    "reasoning_tokens": 0
  }
}