{
  "model": "gpt-5-mini",
  "duration_s": 39.82246053102426,
  "timestamp": "2025-09-14T21:06:07.327334",
  "usage": {
    "input_tokens": 3697,
    "output_tokens": 2744,
    "reasoning_tokens": 0
  }
}