{
  "model": "gpt-5",
  "duration_s": 275.1111770510033,
  "timestamp": "2025-09-14T21:05:27.498189",
  "usage": {
    "input_tokens": 7239,
    "output_tokens": 24386,
    "reasoning_tokens": 0
  }
}