{
  "model": "gpt-5",
  "duration_s": 606.464459294999,
  "timestamp": "2025-09-11T15:23:29.921451",
  "usage": {
    "input_tokens": 11241,
    "output_tokens": 29427,
    "reasoning_tokens": 0
  }
}