{
  "model": "gpt-5",
  "duration_s": 631.8132025779996,
  "timestamp": "2025-09-11T15:23:55.217509",
  "usage": {
    "input_tokens": 11241,
    "output_tokens": 25112,
    "reasoning_tokens": 0
  }
}