{
  "model": "gpt-5",
  "duration_s": 670.0366121690022,
  "timestamp": "2025-09-11T15:24:33.383903",
  "usage": {
    "input_tokens": 11241,
    "output_tokens": 28117,
    "reasoning_tokens": 0
  }
}