{
  "model": "gpt-5",
  "duration_s": 438.744296664001,
  "timestamp": "2025-09-11T15:20:42.194054",
  "usage": {
    "input_tokens": 11241,
    "output_tokens": 20873,
    "reasoning_tokens": 0
  }
}