{
  "model": "gpt-5-mini",
  "duration_s": 41.67752634299541,
  "timestamp": "2025-09-11T15:33:28.628372",
  "usage": {
    "input_tokens": 15051,
    "output_tokens": 2477,
    "reasoning_tokens": 0
  }
}