{
  "model": "gpt-5",
  "duration_s": 493.54440435900324,
  "timestamp": "2025-09-11T15:32:46.939590",
  "usage": {
    "input_tokens": 22728,
    "output_tokens": 20922,
    "reasoning_tokens": 0
  }
}