{
  "model": "gpt-5",
  "duration_s": 207.6803384499799,
  "timestamp": "2025-09-14T21:31:35.199552",
  "usage": {
    "input_tokens": 27029,
    "output_tokens": 8836,
    "reasoning_tokens": 0
  }
}