{
  "model": "gpt-5",
  "duration_s": 403.52256367899827,
  "timestamp": "2025-09-14T21:34:50.946987",
  "usage": {
    "input_tokens": 21923,
    "output_tokens": 21154,
    "reasoning_tokens": 0
  }
}