{
  "model": "gpt-5",
  "duration_s": 183.31607857800554,
  "timestamp": "2025-09-14T21:31:10.784158",
  "usage": {
    "input_tokens": 25974,
    "output_tokens": 11494,
    "reasoning_tokens": 0
  }
}