{
  "model": "gpt-5-mini",
  "duration_s": 31.468554038001457,
  "timestamp": "2025-09-15T07:17:36.177015",
  "usage": {
    "input_tokens": 39152,
    "output_tokens": 2250,
    "reasoning_tokens": 0
  }
}