{
  "model": "gpt-5",
  "duration_s": 1955.2914157719933,
  "timestamp": "2025-09-15T07:17:04.700886",
  "usage": {
    "input_tokens": 57242,
    "output_tokens": 13466,
    "reasoning_tokens": 0
  }
}