{
  "model": "gpt-5",
  "duration_s": 257.4938474579976,
  "timestamp": "2025-09-12T14:11:21.952614",
  "usage": {
    "input_tokens": 25801,
    "output_tokens": 12691,
    "reasoning_tokens": 0
  }
}