{
  "model": "gpt-5",
  "duration_s": 165.33495793999464,
  "timestamp": "2025-09-12T14:09:49.792794",
  "usage": {
    "input_tokens": 27368,
    "output_tokens": 8945,
    "reasoning_tokens": 0
  }
}