{
  "model": "gpt-5",
  "duration_s": 171.54656345100375,
  "timestamp": "2025-09-12T14:09:56.058925",
  "usage": {
    "input_tokens": 26979,
    "output_tokens": 8712,
    "reasoning_tokens": 0
  }
}