{
  "model": "gpt-5",
  "duration_s": 173.2231937690085,
  "timestamp": "2025-09-12T14:09:57.734600",
  "usage": {
    "input_tokens": 26422,
    "output_tokens": 9680,
    "reasoning_tokens": 0
  }
}