{
  "model": "gpt-5-mini",
  "duration_s": 23.44238592599868,
  "timestamp": "2025-09-12T14:13:46.843547",
  "usage": {
    "input_tokens": 41983,
    "output_tokens": 1061,
    "reasoning_tokens": 0
  }
}