{
  "model": "gpt-5",
  "duration_s": 121.4329825550085,
  "timestamp": "2025-09-12T14:13:23.395600",
  "usage": {
    "input_tokens": 68196,
    "output_tokens": 7033,
    "reasoning_tokens": 0
  }
}