{
  "model": "gpt-5",
  "duration_s": 429.99159662499983,
  "timestamp": "2025-09-18T07:38:02.248494",
  "usage": {
    "input_tokens": 879,
    "output_tokens": 35546,
    "reasoning_tokens": 0
  }
}