{
  "model": "gpt-5",
  "duration_s": 678.9435056659997,
  "timestamp": "2025-09-18T07:42:11.200247",
  "usage": {
    "input_tokens": 879,
    "output_tokens": 39057,
    "reasoning_tokens": 0
  }
}