{
  "model": "gpt-5",
  "duration_s": 641.651854468,
  "timestamp": "2025-09-18T07:41:33.961917",
  "usage": {
    "input_tokens": 925,
    "output_tokens": 37359,
    "reasoning_tokens": 0
  }
}