{
  "model": "gpt-5-mini",
  "duration_s": 24.09447327099997,
  "timestamp": "2025-09-18T07:53:16.662759",
  "usage": {
    "input_tokens": 2769,
    "output_tokens": 2020,
    "reasoning_tokens": 0
  }
}