{
  "model": "gpt-5",
  "duration_s": 641.3460908749998,
  "timestamp": "2025-09-18T07:52:52.561526",
  "usage": {
    "input_tokens": 8889,
    "output_tokens": 22734,
    "reasoning_tokens": 0
  }
}