{
  "model": "gpt-5",
  "duration_s": 1682.8264352520005,
  "timestamp": "2025-09-18T08:06:38.980800",
  "usage": {
    "input_tokens": 2727,
    "output_tokens": 51866,
    "reasoning_tokens": 0
  }
}