{
  "model": "gpt-5",
  "duration_s": 339.97068221300015,
  "timestamp": "2025-09-18T07:57:50.662696",
  "usage": {
    "input_tokens": 6586,
    "output_tokens": 12319,
    "reasoning_tokens": 0
  }
}