{
  "model": "gpt-5",
  "duration_s": 557.648522942,
  "timestamp": "2025-09-18T08:01:28.336986",
  "usage": {
    "input_tokens": 6736,
    "output_tokens": 20360,
    "reasoning_tokens": 0
  }
}