{
  "model": "gpt-5-mini",
  "duration_s": 37.01612791700063,
  "timestamp": "2025-09-18T08:12:29.598410",
  "usage": {
    "input_tokens": 29866,
    "output_tokens": 2299,
    "reasoning_tokens": 0
  }
}