{
  "model": "gpt-5",
  "duration_s": 313.5821255089995,
  "timestamp": "2025-09-18T08:11:52.575162",
  "usage": {
    "input_tokens": 24653,
    "output_tokens": 13668,
    "reasoning_tokens": 0
  }
}