{
  "model": "gpt-5",
  "duration_s": 435.7178020880019,
  "timestamp": "2025-09-11T14:33:59.293354",
  "usage": {
    "input_tokens": 44555,
    "output_tokens": 15939,
    "reasoning_tokens": 0
  }
}