{
  "model": "gpt-5",
  "duration_s": 307.618784434002,
  "timestamp": "2025-09-11T14:31:51.191883",
  "usage": {
    "input_tokens": 44378,
    "output_tokens": 10333,
    "reasoning_tokens": 0
  }
}