{
  "model": "gpt-5",
  "duration_s": 409.5833664849997,
  "timestamp": "2025-09-11T14:33:33.155526",
  "usage": {
    "input_tokens": 44521,
    "output_tokens": 14676,
    "reasoning_tokens": 0
  }
}