{
  "model": "gpt-5-mini",
  "duration_s": 29.04434726299951,
  "timestamp": "2025-09-11T14:38:18.635859",
  "usage": {
    "input_tokens": 46041,
    "output_tokens": 1694,
    "reasoning_tokens": 0
  }
}