{
  "model": "gpt-5",
  "duration_s": 230.27593400300248,
  "timestamp": "2025-09-11T14:37:49.580922",
  "usage": {
    "input_tokens": 56243,
    "output_tokens": 9235,
    "reasoning_tokens": 0
  }
}