{
  "model": "gpt-5",
  "duration_s": 266.4316179219968,
  "timestamp": "2025-09-11T20:52:49.168907",
  "usage": {
    "input_tokens": 80100,
    "output_tokens": 8491,
    "reasoning_tokens": 0
  }
}