{
  "model": "gpt-5",
  "duration_s": 267.1931714329985,
  "timestamp": "2025-09-11T20:52:49.937536",
  "usage": {
    "input_tokens": 79212,
    "output_tokens": 9850,
    "reasoning_tokens": 0
  }
}