{
  "model": "gpt-5",
  "duration_s": 233.5449711809997,
  "timestamp": "2025-09-11T20:52:16.237978",
  "usage": {
    "input_tokens": 80180,
    "output_tokens": 9933,
    "reasoning_tokens": 0
  }
}