{
  "model": "gpt-5",
  "duration_s": 255.65565656700346,
  "timestamp": "2025-09-11T20:52:38.346314",
  "usage": {
    "input_tokens": 80947,
    "output_tokens": 8961,
    "reasoning_tokens": 0
  }
}