{
  "model": "gpt-5-mini",
  "duration_s": 36.46364482300123,
  "timestamp": "2025-09-11T20:55:40.148772",
  "usage": {
    "input_tokens": 89501,
    "output_tokens": 1988,
    "reasoning_tokens": 0
  }
}