{
  "model": "gpt-5",
  "duration_s": 133.72663390299567,
  "timestamp": "2025-09-11T20:55:03.675963",
  "usage": {
    "input_tokens": 128438,
    "output_tokens": 4106,
    "reasoning_tokens": 0
  }
}