{
  "model": "gpt-5",
  "duration_s": 278.87199028398027,
  "timestamp": "2025-09-14T21:12:12.053004",
  "usage": {
    "input_tokens": 11078,
    "output_tokens": 16087,
    "reasoning_tokens": 0
  }
}