{
  "model": "gpt-5",
  "duration_s": 234.52739809799823,
  "timestamp": "2025-09-14T21:11:27.758508",
  "usage": {
    "input_tokens": 9070,
    "output_tokens": 15066,
    "reasoning_tokens": 0
  }
}