{
  "model": "gpt-5",
  "duration_s": 369.67160391798825,
  "timestamp": "2025-09-14T21:13:42.905800",
  "usage": {
    "input_tokens": 12259,
    "output_tokens": 23124,
    "reasoning_tokens": 0
  }
}