{
  "model": "gpt-5-mini",
  "duration_s": 39.04430293900077,
  "timestamp": "2025-09-14T21:19:51.502700",
  "usage": {
    "input_tokens": 17534,
    "output_tokens": 2574,
    "reasoning_tokens": 0
  }
}