{
  "model": "gpt-5",
  "duration_s": 329.5332256509864,
  "timestamp": "2025-09-14T21:19:12.451549",
  "usage": {
    "input_tokens": 31930,
    "output_tokens": 16260,
    "reasoning_tokens": 0
  }
}