{
  "model": "gpt-5",
  "duration_s": 325.55283416400016,
  "timestamp": "2025-09-18T07:38:42.094057",
  "usage": {
    "input_tokens": 816,
    "output_tokens": 28340,
    "reasoning_tokens": 0
  }
}