{
  "model": "gpt-5",
  "duration_s": 371.4665308480003,
  "timestamp": "2025-09-18T07:39:28.006490",
  "usage": {
    "input_tokens": 770,
    "output_tokens": 32358,
    "reasoning_tokens": 0
  }
}