{
  "model": "gpt-5",
  "duration_s": 997.852012203,
  "timestamp": "2025-09-18T07:45:45.034435",
  "usage": {
    "input_tokens": 675,
    "output_tokens": 61878,
    "reasoning_tokens": 0
  }
}