{
  "model": "gpt-5-mini",
  "duration_s": 37.388896965000185,
  "timestamp": "2025-09-18T07:59:51.774621",
  "usage": {
    "input_tokens": 11496,
    "output_tokens": 2519,
    "reasoning_tokens": 0
  }
}