{
  "model": "gpt-5",
  "duration_s": 809.329861874,
  "timestamp": "2025-09-18T07:59:14.376813",
  "usage": {
    "input_tokens": 9582,
    "output_tokens": 26371,
    "reasoning_tokens": 0
  }
}