{
  "model": "gpt-5",
  "duration_s": 2260.909829192002,
  "timestamp": "2025-09-11T20:14:42.284964",
  "usage": {
    "input_tokens": 2475,
    "output_tokens": 20787,
    "reasoning_tokens": 0
  }
}