{
  "model": "gpt-5",
  "duration_s": 478.65996588599955,
  "timestamp": "2025-09-11T15:35:23.040807",
  "usage": {
    "input_tokens": 2475,
    "output_tokens": 22386,
    "reasoning_tokens": 0
  }
}