{
  "model": "gpt-5",
  "duration_s": 558.2384278229947,
  "timestamp": "2025-09-11T15:36:42.618131",
  "usage": {
    "input_tokens": 2475,
    "output_tokens": 22364,
    "reasoning_tokens": 0
  }
}