{
  "model": "gpt-5",
  "duration_s": 409.29198999099754,
  "timestamp": "2025-09-11T15:34:13.620364",
  "usage": {
    "input_tokens": 2475,
    "output_tokens": 16885,
    "reasoning_tokens": 0
  }
}