{
  "model": "gpt-5-mini",
  "duration_s": 49.897887361003086,
  "timestamp": "2025-09-11T20:19:15.553543",
  "usage": {
    "input_tokens": 5177,
    "output_tokens": 1857,
    "reasoning_tokens": 0
  }
}