{
  "model": "gpt-5",
  "duration_s": 223.35317689999647,
  "timestamp": "2025-09-11T20:18:25.649055",
  "usage": {
    "input_tokens": 9194,
    "output_tokens": 13539,
    "reasoning_tokens": 0
  }
}