{
  "model": "gpt-5",
  "duration_s": 1701.6967438140005,
  "timestamp": "2025-09-18T08:19:09.097401",
  "usage": {
    "input_tokens": 1348,
    "output_tokens": 74289,
    "reasoning_tokens": 0
  }
}