{
  "model": "gpt-5",
  "duration_s": 1532.293658654,
  "timestamp": "2025-09-18T08:16:19.756516",
  "usage": {
    "input_tokens": 1348,
    "output_tokens": 68391,
    "reasoning_tokens": 0
  }
}