{
  "model": "gpt-5",
  "duration_s": 1102.8507249750005,
  "timestamp": "2025-09-18T08:09:10.251373",
  "usage": {
    "input_tokens": 1394,
    "output_tokens": 47271,
    "reasoning_tokens": 0
  }
}