{
  "model": "gpt-5",
  "duration_s": 239.22308233199874,
  "timestamp": "2025-09-15T07:36:34.202701",
  "usage": {
    "input_tokens": 24986,
    "output_tokens": 12836,
    "reasoning_tokens": 0
  }
}