{
  "model": "gpt-5",
  "duration_s": 253.5620814479771,
  "timestamp": "2025-09-15T07:36:48.597297",
  "usage": {
    "input_tokens": 24514,
    "output_tokens": 14648,
    "reasoning_tokens": 0
  }
}