{
  "model": "gpt-5",
  "duration_s": 223.28528762198403,
  "timestamp": "2025-09-15T07:36:18.365201",
  "usage": {
    "input_tokens": 24990,
    "output_tokens": 16281,
    "reasoning_tokens": 0
  }
}