{
  "model": "gpt-5",
  "duration_s": 230.3745699809806,
  "timestamp": "2025-09-15T07:36:25.406588",
  "usage": {
    "input_tokens": 24950,
    "output_tokens": 12913,
    "reasoning_tokens": 0
  }
}