{
  "model": "gpt-5-mini",
  "duration_s": 30.561725851002848,
  "timestamp": "2025-09-15T07:38:53.910242",
  "usage": {
    "input_tokens": 46767,
    "output_tokens": 1941,
    "reasoning_tokens": 0
  }
}