{
  "model": "gpt-5",
  "duration_s": 94.72974354701,
  "timestamp": "2025-09-15T07:38:23.338769",
  "usage": {
    "input_tokens": 65117,
    "output_tokens": 5883,
    "reasoning_tokens": 0
  }
}