{
  "model": "gpt-5",
  "duration_s": 510.7849632840007,
  "timestamp": "2025-09-11T11:01:22.881270",
  "usage": {
    "input_tokens": 3695,
    "output_tokens": 22037,
    "reasoning_tokens": 0
  }
}