{
  "model": "gpt-5",
  "duration_s": 328.91572047100635,
  "timestamp": "2025-09-11T13:36:22.002449",
  "usage": {
    "input_tokens": 3747,
    "output_tokens": 16596,
    "reasoning_tokens": 0
  }
}