{
  "model": "gpt-5-mini",
  "duration_s": 34.490739663997374,
  "timestamp": "2025-09-11T13:43:36.224443",
  "usage": {
    "input_tokens": 7103,
    "output_tokens": 2740,
    "reasoning_tokens": 0
  }
}