{
  "model": "gpt-5",
  "duration_s": 399.71229047599627,
  "timestamp": "2025-09-11T13:43:01.725910",
  "usage": {
    "input_tokens": 6016,
    "output_tokens": 18248,
    "reasoning_tokens": 0
  }
}