{
  "model": "gpt-5",
  "duration_s": 200.02640106799663,
  "timestamp": "2025-09-14T21:00:19.959468",
  "usage": {
    "input_tokens": 67795,
    "output_tokens": 8977,
    "reasoning_tokens": 0
  }
}