{
  "model": "gpt-5",
  "duration_s": 168.0249422850029,
  "timestamp": "2025-09-14T20:59:48.012196",
  "usage": {
    "input_tokens": 68441,
    "output_tokens": 9533,
    "reasoning_tokens": 0
  }
}