{
  "model": "gpt-5",
  "duration_s": 153.2205478269898,
  "timestamp": "2025-09-14T20:59:33.149430",
  "usage": {
    "input_tokens": 68132,
    "output_tokens": 10394,
    "reasoning_tokens": 0
  }
}