{
  "model": "gpt-5",
  "duration_s": 77.25081894200412,
  "timestamp": "2025-09-14T20:58:17.228183",
  "usage": {
    "input_tokens": 68692,
    "output_tokens": 7096,
    "reasoning_tokens": 0
  }
}