{
  "model": "gpt-5",
  "duration_s": 156.19931766801164,
  "timestamp": "2025-09-14T20:59:36.193160",
  "usage": {
    "input_tokens": 68515,
    "output_tokens": 9167,
    "reasoning_tokens": 0
  }
}