{
  "model": "gpt-5-mini",
  "duration_s": 31.973418289009714,
  "timestamp": "2025-09-14T21:02:21.243621",
  "usage": {
    "input_tokens": 74712,
    "output_tokens": 2123,
    "reasoning_tokens": 0
  }
}