{
  "model": "gpt-5",
  "duration_s": 89.29031803400721,
  "timestamp": "2025-09-14T21:01:49.261337",
  "usage": {
    "input_tokens": 89028,
    "output_tokens": 6132,
    "reasoning_tokens": 0
  }
}