{
  "model": "gpt-5",
  "duration_s": 268.44867774900194,
  "timestamp": "2025-09-11T15:24:07.269763",
  "usage": {
    "input_tokens": 14108,
    "output_tokens": 8966,
    "reasoning_tokens": 0
  }
}