{
  "model": "gpt-5",
  "duration_s": 167.94021755699941,
  "timestamp": "2025-09-11T15:22:59.945019",
  "usage": {
    "input_tokens": 23300,
    "output_tokens": 5985,
    "reasoning_tokens": 0
  }
}