{
  "model": "gpt-5",
  "duration_s": 186.7920222160028,
  "timestamp": "2025-09-11T15:22:45.371927",
  "usage": {
    "input_tokens": 23184,
    "output_tokens": 6086,
    "reasoning_tokens": 0
  }
}