{
  "model": "gpt-5",
  "duration_s": 158.08714584900008,
  "timestamp": "2025-09-11T15:22:50.034904",
  "usage": {
    "input_tokens": 23112,
    "output_tokens": 6136,
    "reasoning_tokens": 0
  }
}