{
  "model": "gpt-5-mini",
  "duration_s": 29.322293926001294,
  "timestamp": "2025-09-11T15:26:02.698771",
  "usage": {
    "input_tokens": 29060,
    "output_tokens": 1621,
    "reasoning_tokens": 0
  }
}