{
  "model": "gpt-5",
  "duration_s": 88.63371792600083,
  "timestamp": "2025-09-11T15:25:39.781370",
  "usage": {
    "input_tokens": 35622,
    "output_tokens": 4089,
    "reasoning_tokens": 0
  }
}