{
  "model": "gpt-5",
  "duration_s": 506.71871530101635,
  "timestamp": "2025-09-16T14:10:07.800705",
  "usage": {
    "input_tokens": 38505,
    "output_tokens": 19312,
    "reasoning_tokens": 0
  }
}