{
  "model": "gpt-5",
  "duration_s": 238.14344282599632,
  "timestamp": "2025-09-16T14:05:39.274694",
  "usage": {
    "input_tokens": 35113,
    "output_tokens": 16807,
    "reasoning_tokens": 0
  }
}