{
  "model": "gpt-5-mini",
  "duration_s": 53.860897000005934,
  "timestamp": "2025-09-16T14:11:43.763640",
  "usage": {
    "input_tokens": 57310,
    "output_tokens": 2613,
    "reasoning_tokens": 0
  }
}