{
  "model": "gpt-5",
  "duration_s": 42.08351365098497,
  "timestamp": "2025-09-16T14:10:49.897767",
  "usage": {
    "input_tokens": 67836,
    "output_tokens": 3357,
    "reasoning_tokens": 0
  }
}