{
  "model": "gpt-5",
  "duration_s": 350.70287430199824,
  "timestamp": "2025-09-11T15:24:12.841039",
  "usage": {
    "input_tokens": 96762,
    "output_tokens": 15123,
    "reasoning_tokens": 0
  }
}