{
  "model": "gpt-5",
  "duration_s": 205.58887869700266,
  "timestamp": "2025-09-11T15:21:47.586633",
  "usage": {
    "input_tokens": 96623,
    "output_tokens": 9341,
    "reasoning_tokens": 0
  }
}