{
  "model": "gpt-5",
  "duration_s": 271.5027137529978,
  "timestamp": "2025-09-11T15:22:53.547224",
  "usage": {
    "input_tokens": 97078,
    "output_tokens": 11421,
    "reasoning_tokens": 0
  }
}