{
  "model": "gpt-5",
  "duration_s": 258.09203766800056,
  "timestamp": "2025-09-11T15:22:40.147400",
  "usage": {
    "input_tokens": 97181,
    "output_tokens": 10791,
    "reasoning_tokens": 0
  }
}