{
  "model": "gpt-5-mini",
  "duration_s": 19.954785403999267,
  "timestamp": "2025-09-11T15:27:55.476229",
  "usage": {
    "input_tokens": 100951,
    "output_tokens": 1094,
    "reasoning_tokens": 0
  }
}