{
  "model": "gpt-5",
  "duration_s": 202.06419510100386,
  "timestamp": "2025-09-11T15:27:35.513042",
  "usage": {
    "input_tokens": 118312,
    "output_tokens": 7657,
    "reasoning_tokens": 0
  }
}