{
  "model": "gpt-5",
  "duration_s": 110.34403751901118,
  "timestamp": "2025-09-14T20:52:40.220931",
  "usage": {
    "input_tokens": 31947,
    "output_tokens": 6753,
    "reasoning_tokens": 0
  }
}