{
  "model": "gpt-5",
  "duration_s": 159.99699490200146,
  "timestamp": "2025-09-14T20:53:31.520031",
  "usage": {
    "input_tokens": 31947,
    "output_tokens": 9686,
    "reasoning_tokens": 0
  }
}