{
  "model": "gpt-5",
  "duration_s": 99.80467417699401,
  "timestamp": "2025-09-14T20:52:29.677874",
  "usage": {
    "input_tokens": 31947,
    "output_tokens": 5991,
    "reasoning_tokens": 0
  }
}