{
  "model": "gpt-5",
  "duration_s": 95.61040788100217,
  "timestamp": "2025-09-14T20:52:25.483850",
  "usage": {
    "input_tokens": 31947,
    "output_tokens": 9553,
    "reasoning_tokens": 0
  }
}