{
  "model": "gpt-5",
  "duration_s": 124.07557046198053,
  "timestamp": "2025-09-14T20:52:53.951378",
  "usage": {
    "input_tokens": 31947,
    "output_tokens": 7764,
    "reasoning_tokens": 0
  }
}