{
  "model": "gpt-5-mini",
  "duration_s": 45.486466157017276,
  "timestamp": "2025-09-14T20:56:59.915084",
  "usage": {
    "input_tokens": 36152,
    "output_tokens": 2602,
    "reasoning_tokens": 0
  }
}