{
  "model": "gpt-5",
  "duration_s": 162.88597904299968,
  "timestamp": "2025-09-14T20:56:14.419915",
  "usage": {
    "input_tokens": 42130,
    "output_tokens": 12600,
    "reasoning_tokens": 0
  }
}