{
  "model": "gpt-5",
  "duration_s": 227.2312564069871,
  "timestamp": "2025-09-15T08:50:27.183460",
  "usage": {
    "input_tokens": 31421,
    "output_tokens": 14977,
    "reasoning_tokens": 0
  }
}