{
  "model": "gpt-5",
  "duration_s": 305.43344095299835,
  "timestamp": "2025-09-15T08:51:45.380182",
  "usage": {
    "input_tokens": 33329,
    "output_tokens": 17307,
    "reasoning_tokens": 0
  }
}