{
  "model": "gpt-5",
  "duration_s": 341.7825039900199,
  "timestamp": "2025-09-15T08:51:00.502752",
  "usage": {
    "input_tokens": 34182,
    "output_tokens": 21759,
    "reasoning_tokens": 0
  }
}