{
  "model": "gpt-5-mini",
  "duration_s": 22.36345970100956,
  "timestamp": "2025-09-15T08:54:17.653316",
  "usage": {
    "input_tokens": 45995,
    "output_tokens": 1539,
    "reasoning_tokens": 0
  }
}