{
  "model": "gpt-5",
  "duration_s": 129.89202110600309,
  "timestamp": "2025-09-15T08:53:55.282199",
  "usage": {
    "input_tokens": 66462,
    "output_tokens": 6043,
    "reasoning_tokens": 0
  }
}