{
  "model": "gpt-5",
  "duration_s": 632.3804605639962,
  "timestamp": "2025-09-11T20:57:02.378356",
  "usage": {
    "input_tokens": 22103,
    "output_tokens": 23438,
    "reasoning_tokens": 0
  }
}