{
  "model": "gpt-5",
  "duration_s": 305.76404938100313,
  "timestamp": "2025-09-11T20:51:35.708295",
  "usage": {
    "input_tokens": 23265,
    "output_tokens": 13464,
    "reasoning_tokens": 0
  }
}