{
  "model": "gpt-5",
  "duration_s": 353.64695072999893,
  "timestamp": "2025-09-11T20:52:23.690618",
  "usage": {
    "input_tokens": 22033,
    "output_tokens": 14655,
    "reasoning_tokens": 0
  }
}