{
  "model": "gpt-5",
  "duration_s": 150.9755784739973,
  "timestamp": "2025-09-11T20:49:00.967817",
  "usage": {
    "input_tokens": 22328,
    "output_tokens": 6785,
    "reasoning_tokens": 0
  }
}