{
  "model": "gpt-5",
  "duration_s": 649.094046457998,
  "timestamp": "2025-09-11T20:57:19.042047",
  "usage": {
    "input_tokens": 23024,
    "output_tokens": 7916,
    "reasoning_tokens": 0
  }
}