{
  "model": "gpt-5-mini",
  "duration_s": 63.261492696998175,
  "timestamp": "2025-09-11T21:01:56.860590",
  "usage": {
    "input_tokens": 29280,
    "output_tokens": 3491,
    "reasoning_tokens": 0
  }
}