{
  "model": "gpt-5",
  "duration_s": 214.53921888600598,
  "timestamp": "2025-09-11T21:00:53.591739",
  "usage": {
    "input_tokens": 64875,
    "output_tokens": 6368,
    "reasoning_tokens": 0
  }
}