{
  "model": "gpt-5",
  "duration_s": 114.79057398700388,
  "timestamp": "2025-09-12T14:27:00.783049",
  "usage": {
    "input_tokens": 55180,
    "output_tokens": 7012,
    "reasoning_tokens": 0
  }
}