{
  "model": "gpt-5",
  "duration_s": 104.0316887240042,
  "timestamp": "2025-09-12T14:26:50.073010",
  "usage": {
    "input_tokens": 57082,
    "output_tokens": 5040,
    "reasoning_tokens": 0
  }
}