{
  "model": "gpt-5",
  "duration_s": 97.89423079600965,
  "timestamp": "2025-09-12T14:26:43.941118",
  "usage": {
    "input_tokens": 55429,
    "output_tokens": 4440,
    "reasoning_tokens": 0
  }
}