{
  "model": "gpt-5",
  "duration_s": 146.21925067300617,
  "timestamp": "2025-09-12T14:27:32.216042",
  "usage": {
    "input_tokens": 55695,
    "output_tokens": 8131,
    "reasoning_tokens": 0
  }
}