{
  "model": "gpt-5-mini",
  "duration_s": 30.790099322999595,
  "timestamp": "2025-09-12T14:29:10.199843",
  "usage": {
    "input_tokens": 80548,
    "output_tokens": 1336,
    "reasoning_tokens": 0
  }
}