{
  "model": "gpt-5",
  "duration_s": 67.18497437000042,
  "timestamp": "2025-09-12T14:28:39.405456",
  "usage": {
    "input_tokens": 118144,
    "output_tokens": 2816,
    "reasoning_tokens": 0
  }
}