{
  "model": "gpt-5",
  "duration_s": 474.8838107470074,
  "timestamp": "2025-09-13T06:48:56.657290",
  "usage": {
    "input_tokens": 7840,
    "output_tokens": 35929,
    "reasoning_tokens": 0
  }
}