{
  "model": "gpt-5",
  "duration_s": 292.33926183299627,
  "timestamp": "2025-09-13T06:39:41.546372",
  "usage": {
    "input_tokens": 8236,
    "output_tokens": 24822,
    "reasoning_tokens": 0
  }
}