{
  "model": "gpt-5-mini",
  "duration_s": 30.076509550999617,
  "timestamp": "2025-09-13T06:55:18.668682",
  "usage": {
    "input_tokens": 10038,
    "output_tokens": 1488,
    "reasoning_tokens": 0
  }
}