{
  "model": "gpt-5",
  "duration_s": 351.9175252529967,
  "timestamp": "2025-09-13T06:54:48.586527",
  "usage": {
    "input_tokens": 19140,
    "output_tokens": 24681,
    "reasoning_tokens": 0
  }
}